symbol,date,portfolio_value,action,requested_action,action_blocked,reward
ALFA,2023-10-20,10000.0,0,2,False,0.0
ALFA,2023-10-23,10000.0,0,2,False,0.0
ALFA,2023-10-24,10000.0,0,2,False,0.0
ALFA,2023-10-25,10000.0,0,2,False,0.0
ALFA,2023-10-26,10000.0,0,2,False,0.0
ALFA,2023-10-27,10000.0,0,2,False,0.0
ALFA,2023-10-30,10000.0,0,2,False,0.0
ALFA,2023-10-31,10000.0,0,0,False,0.0
ALFA,2023-11-01,10084.41731229465,1,1,False,0.008206299082514796
ALFA,2023-11-02,9966.49697805541,0,0,False,-0.011762226106136345
ALFA,2023-11-03,10156.142051677281,0,1,False,0.01884948474517211
ALFA,2023-11-06,9942.588731594533,0,0,False,-0.02125122818052478
ALFA,2023-11-07,9810.080314768995,0,1,False,-0.013416961960834663
ALFA,2023-11-08,9855.060236076746,0,1,False,0.004574592246850578
ALFA,2023-11-09,10044.30008518233,0,1,False,0.019020265087113634
ALFA,2023-11-10,10056.8620451872,0,0,False,0.0012498741673479961
ALFA,2023-11-13,10121.697967792967,0,0,False,0.006426241088465485
ALFA,2023-11-14,10128.181560053543,0,1,False,0.0006403586226984833
ALFA,2023-11-15,10000.130612907153,0,1,False,-0.012723637587249766
ALFA,2023-11-16,9960.823834827404,0,1,False,-0.00393837168349775
ALFA,2023-11-17,9817.374356062144,0,1,False,-0.014506073084323771
ALFA,2023-11-20,9680.408469557458,0,1,False,-0.014049611765103153
ALFA,2023-11-21,9730.656309576929,0,0,False,0.005177248422759949
ALFA,2023-11-22,9608.278505658542,0,0,False,-0.012656274881337125
ALFA,2023-11-23,9649.206181803433,0,1,False,0.004250579806303381
ALFA,2023-11-24,9512.240295298747,0,0,False,-0.014296229613211546
ALFA,2023-11-27,9548.305277248206,0,1,False,0.003784259464304221
ALFA,2023-11-28,9498.057437228736,0,0,False,-0.005276383459519418
ALFA,2023-11-29,9663.389039873444,0,1,False,0.017257121576368342
ALFA,2023-11-30,9699.454021822903,0,0,False,0.0037251785329815087
ALFA,2023-12-01,9848.576643816168,0,0,False,0.01525734406135009
ALFA,2023-12-04,9782.119823145256,0,0,False,-0.006770730184031597
ALFA,2023-12-05,9787.387741856975,0,0,False,0.000538380316567987
ALFA,2023-12-06,9677.571897943455,0,0,False,-0.011283558874760609
ALFA,2023-12-07,9642.722589542856,0,0,False,-0.0036075377855334513
ALFA,2023-12-08,9624.487486309983,0,0,False,-0.001892864468252966
ALFA,2023-12-11,9542.226909503914,0,1,False,-0.008583743691391555
ALFA,2023-12-12,9382.56845008721,0,1,False,-0.016873339382478206
ALFA,2023-12-13,9229.393582931083,0,0,False,-0.016460201807800286
ALFA,2023-12-14,8952.220013791424,0,1,False,-0.0304917979367954
ALFA,2023-12-15,8852.534782785058,0,1,False,-0.011197713617589488
ALFA,2023-12-18,8921.828175069972,0,1,False,0.007797043809683826
ALFA,2023-12-19,8760.548817588124,0,0,False,-0.018242324558708084
ALFA,2023-12-20,8610.615746562285,0,1,False,-0.017262722232732022
ALFA,2023-12-21,8784.051839532714,0,1,False,0.0199419551731913
ALFA,2023-12-22,8720.431590475804,0,0,False,-0.007269055319202894
ALFA,2023-12-25,8755.280898876405,0,1,False,0.003988318601209457
ALFA,2023-12-26,8819.711596965888,0,1,False,0.00733212110946783
ALFA,2023-12-27,8891.841560864805,0,0,False,0.008145007049471487
ALFA,2023-12-28,8754.470449843833,0,0,False,-0.015569699323087868
ALFA,2023-12-29,8738.666693708677,0,0,False,-0.001806852630838152
ALFA,2024-01-01,8579.008234291974,0,0,False,-0.01843930941300356
ALFA,2024-01-02,8839.162373747617,0,1,False,0.02987380164922628
ALFA,2024-01-03,8683.961384010061,0,0,False,-0.017714312850543635
ALFA,2024-01-04,8574.14554009654,0,1,False,-0.012726462591333847
ALFA,2024-01-05,8451.767736178153,0,0,False,-0.014375723579653863
ALFA,2024-01-08,8299.403318054598,0,0,False,-0.01819199621024517
ALFA,2024-01-09,8442.042347787288,0,1,False,0.01704064084199197
ALFA,2024-01-10,8680.719587879772,0,0,False,0.027880163396193106
ALFA,2024-01-11,8631.282196892873,0,0,False,-0.0057113586270585645
ALFA,2024-01-12,8489.858840709041,0,0,False,-0.01652069478950425
ALFA,2024-01-15,8275.495071593721,0,1,False,-0.025573626792528812
ALFA,2024-01-16,8258.475641909708,0,1,False,-0.0020587233387673143
ALFA,2024-01-17,8233.351721899973,0,1,False,-0.003046835125225565
ALFA,2024-01-18,8175.404616071067,0,1,False,-0.007062978513340873
ALFA,2024-01-19,8198.097188983085,0,1,False,0.0027718673392642355
ALFA,2024-01-22,8239.83531416055,0,1,False,0.005078280357692777
ALFA,2024-01-23,8263.33833610514,0,1,False,0.002848305220844944
ALFA,2024-01-24,8215.927067699671,0,1,False,-0.005754067072337791
ALFA,2024-01-25,8109.758244432726,0,1,False,-0.013006537605988511
ALFA,2024-01-26,8178.241187685069,0,1,False,0.00840905564684902
ALFA,2024-01-29,8190.397923173651,0,1,False,0.001485369387325091
ALFA,2024-01-30,8291.298827728879,0,0,False,0.012244147754760239
ALFA,2024-01-31,8383.690017442097,0,0,False,0.01108152287718384
ALFA,2024-02-01,8233.756946416259,0,1,False,-0.01804574916072991
ALFA,2024-02-02,8090.307467650997,0,1,False,-0.01757566838569172
ALFA,2024-02-05,8022.22974891494,0,1,False,-0.008450329445790432
ALFA,2024-02-06,7941.18484565773,0,1,False,-0.010153917772477136
ALFA,2024-02-07,8025.471545045229,0,1,False,0.010557937776962857
ALFA,2024-02-08,8068.020119255263,0,0,False,0.005287687002224892
ALFA,2024-02-09,8171.757595424492,0,1,False,0.012775899894918633
ALFA,2024-02-12,8204.175556727378,0,0,False,0.0039592252055365125
ALFA,2024-02-13,8231.325599318541,0,1,False,0.0033038319950578587
ALFA,2024-02-14,8341.951892264635,0,0,False,0.013350157932749922
ALFA,2024-02-15,8387.742262604957,0,0,False,0.005474156821285619
ALFA,2024-02-16,8394.225854865534,0,0,False,0.0007726856037116336
ALFA,2024-02-19,8557.126110412526,0,0,False,0.01922032776473907
ALFA,2024-02-20,8566.851498803391,0,0,False,0.001135879718890927
ALFA,2024-02-21,8516.60365878392,0,0,False,-0.005882648967719968
ALFA,2024-02-22,8435.963980042998,0,0,False,-0.00951363695199841
ALFA,2024-02-23,8502.42080071391,0,0,False,0.007846930216017069
ALFA,2024-02-26,8630.066523344016,0,0,False,0.014901290416064786
ALFA,2024-02-27,8625.203829148582,0,0,False,-0.0005636184452430127
ALFA,2024-02-28,8759.73836855555,0,1,False,0.0154774428958001
ALFA,2024-02-29,8560.367906542815,0,0,False,-0.02302286893267799
ALFA,2024-03-01,8543.3484768588,0,1,False,-0.0019901447053812717
ALFA,2024-03-04,8536.054435565651,0,0,False,-0.0008541331068765168
ALFA,2024-03-05,8468.38194134588,0,1,False,-0.007959434819060732
ALFA,2024-03-06,8706.65395692208,0,0,False,0.027748099632431866
ALFA,2024-03-07,8687.608404656634,0,0,False,-0.0021898669205566187
ALFA,2024-03-08,8651.948647223462,0,1,False,-0.00411311633855049
ALFA,2024-03-11,8665.321056260902,0,0,False,0.0015444018513742074
ALFA,2024-03-12,8458.25132843873,0,0,False,-0.024186521072848653
ALFA,2024-03-13,8366.265363241797,0,1,False,-0.010934861720370889
ALFA,2024-03-14,8472.028961992455,0,1,False,0.012562435081092964
ALFA,2024-03-15,8395.846752930678,0,0,False,-0.009032877446145927
ALFA,2024-03-18,8316.017523222326,0,0,False,-0.009553672238328094
ALFA,2024-03-19,8440.826674238431,0,0,False,0.014896773832863374
ALFA,2024-03-20,8568.472396868536,0,0,False,0.015009215651571123
ALFA,2024-03-21,8619.125461404292,0,0,False,0.005894158287693857
ALFA,2024-03-22,8572.11941751511,0,1,False,-0.005468616306284637
ALFA,2024-03-25,8543.3484768588,0,1,False,-0.0033619843680048013
ALFA,2024-03-26,8467.166267797023,0,0,False,-0.008957132637977594
ALFA,2024-03-27,8363.428791627794,0,1,False,-0.01232740607264038
ALFA,2024-03-28,8267.795805784286,0,1,False,-0.011500540965627101
ALFA,2024-03-29,8210.253924471668,0,1,False,-0.006984092917597045
ALFA,2024-04-01,8103.679876688436,0,0,False,-0.01306558739035664
ALFA,2024-04-02,7946.452764369448,0,0,False,-0.019592628345402742
ALFA,2024-04-03,7955.772928244028,0,1,False,0.0011721837083571505
ALFA,2024-04-04,7981.707297286334,0,0,False,0.003254515966945643
ALFA,2024-04-05,8142.986654768182,0,0,False,0.020004688017606853
ALFA,2024-04-08,8060.320853445828,0,0,False,-0.010203659778240764
ALFA,2024-04-09,8086.2552224881365,0,0,False,0.0032123703777737103
ALFA,2024-04-10,8110.5686934652995,0,0,False,0.0030022539438397115
ALFA,2024-04-11,8099.22240700929,0,0,False,-0.0013999302321323253
ALFA,2024-04-12,8159.600859935911,0,0,False,0.00742719562061014
ALFA,2024-04-15,8225.652456090538,0,0,False,0.008062365917616108
ALFA,2024-04-16,8267.795805784286,0,0,False,0.005110325110980466
ALFA,2024-04-17,8254.423396746846,0,0,False,-0.0016187186228969256
ALFA,2024-04-18,8215.521843183385,0,0,False,-0.0047239532785065385
ALFA,2024-04-19,8078.150732162415,0,0,False,-0.016862296126889526
ALFA,2024-04-22,8070.072581430252,2,2,False,-0.0012005003335835345
ALFA,2024-04-23,8070.072581430252,0,2,False,0.0
ALFA,2024-04-24,8070.072581430252,0,2,False,0.0
ALFA,2024-04-25,8070.072581430252,0,2,False,0.0
ALFA,2024-04-26,8070.072581430252,0,0,False,0.0
ALFA,2024-04-29,8070.072581430252,0,0,False,0.0
ALFA,2024-04-30,8070.072581430252,0,2,False,0.0
ALFA,2024-05-01,8070.072581430252,0,0,False,0.0
ALFA,2024-05-02,8070.072581430252,0,2,False,0.0
ALFA,2024-05-03,8070.072581430252,0,2,False,0.0
ALFA,2024-05-06,8070.072581430252,0,2,False,0.0
ALFA,2024-05-07,8070.072581430252,0,2,False,0.0
ALFA,2024-05-08,8070.072581430252,0,2,False,0.0
ALFA,2024-05-09,8070.072581430252,0,0,False,0.0
ALFA,2024-05-10,8070.072581430252,0,2,False,0.0
ALFA,2024-05-13,8070.072581430252,0,2,False,0.0
ALFA,2024-05-14,8070.072581430252,0,2,False,0.0
ALFA,2024-05-15,8070.072581430252,0,0,False,0.0
ALFA,2024-05-16,8070.072581430252,0,0,False,0.0
ALFA,2024-05-17,8070.072581430252,0,2,False,0.0
ALFA,2024-05-20,8070.072581430252,0,0,False,0.0
ALFA,2024-05-21,8070.072581430252,0,0,False,0.0
ALFA,2024-05-22,8070.072581430252,0,2,False,0.0
ALFA,2024-05-23,8070.072581430252,0,2,False,0.0
ALFA,2024-05-24,8070.072581430252,0,2,False,0.0
ALFA,2024-05-27,8070.072581430252,0,2,False,0.0
ALFA,2024-05-28,8070.072581430252,0,0,False,0.0
ALFA,2024-05-29,8070.072581430252,0,0,False,0.0
ALFA,2024-05-30,8070.072581430252,0,2,False,0.0
ALFA,2024-05-31,8070.072581430252,0,2,False,0.0
ALFA,2024-06-03,8070.072581430252,0,0,False,0.0
ALFA,2024-06-04,8070.072581430252,0,2,False,0.0
ALFA,2024-06-05,8070.072581430252,0,2,False,0.0
ALFA,2024-06-06,8070.072581430252,0,0,False,0.0
ALFA,2024-06-07,8070.072581430252,0,0,False,0.0
ALFA,2024-06-10,8070.072581430252,0,2,False,0.0
ALFA,2024-06-11,8070.072581430252,0,2,False,0.0
ALFA,2024-06-12,8070.072581430252,0,2,False,0.0
ALFA,2024-06-13,8070.072581430252,0,2,False,0.0
ALFA,2024-06-14,8070.072581430252,0,2,False,0.0
ALFA,2024-06-17,8070.072581430252,0,2,False,0.0
ALFA,2024-06-18,8070.072581430252,0,2,False,0.0
ALFA,2024-06-19,8070.072581430252,0,2,False,0.0
ALFA,2024-06-20,8070.072581430252,0,2,False,0.0
ALFA,2024-06-21,8070.072581430252,0,2,False,0.0
ALFA,2024-06-24,8070.072581430252,0,2,False,0.0
ALFA,2024-06-25,8070.072581430252,0,2,False,0.0
ALFA,2024-06-26,8070.072581430252,0,2,False,0.0
ALFA,2024-06-27,8070.072581430252,0,2,False,0.0
ALFA,2024-06-28,8070.072581430252,0,0,False,0.0
ALFA,2024-07-01,8070.072581430252,0,0,False,0.0
ALFA,2024-07-02,8070.072581430252,0,2,False,0.0
ALFA,2024-07-03,8070.072581430252,0,0,False,0.0
ALFA,2024-07-04,8070.072581430252,0,0,False,0.0
ALFA,2024-07-05,8070.072581430252,0,2,False,0.0
ALFA,2024-07-08,8070.072581430252,0,2,False,0.0
ALFA,2024-07-09,8070.072581430252,0,2,False,0.0
ALFA,2024-07-10,8070.072581430252,0,2,False,0.0
ALFA,2024-07-11,8070.072581430252,0,2,False,0.0
ALFA,2024-07-12,8070.072581430252,0,2,False,0.0
ALFA,2024-07-15,8070.072581430252,0,2,False,0.0
ALFA,2024-07-16,8070.072581430252,0,2,False,0.0
ALFA,2024-07-17,8070.072581430252,0,2,False,0.0
ALFA,2024-07-18,8070.072581430252,0,2,False,0.0
ALFA,2024-07-19,8070.072581430252,0,2,False,0.0
ALFA,2024-07-22,8070.072581430252,0,2,False,0.0
ALFA,2024-07-23,8070.072581430252,0,2,False,0.0
ALFA,2024-07-24,8070.072581430252,0,2,False,0.0
ALFA,2024-07-25,8070.072581430252,0,2,False,0.0
ALFA,2024-07-26,8070.072581430252,0,2,False,0.0
ALFA,2024-07-29,8070.072581430252,0,2,False,0.0
ALFA,2024-07-30,8070.072581430252,0,0,False,0.0
ALFA,2024-07-31,8070.072581430252,0,2,False,0.0
ALFA,2024-08-01,8070.072581430252,0,0,False,0.0
ALFA,2024-08-02,8070.072581430252,0,0,False,0.0
ALFA,2024-08-05,8070.072581430252,0,2,False,0.0
ALFA,2024-08-06,8070.072581430252,0,2,False,0.0
ALFA,2024-08-07,8070.072581430252,0,2,False,0.0
ALFA,2024-08-08,8070.072581430252,0,0,False,0.0
ALFA,2024-08-09,8070.072581430252,0,0,False,0.0
ALFA,2024-08-12,8070.072581430252,0,0,False,0.0
ALFA,2024-08-13,8070.072581430252,0,0,False,0.0
ALFA,2024-08-14,8070.072581430252,0,0,False,0.0
ALFA,2024-08-15,8070.072581430252,0,0,False,0.0
ALFA,2024-08-16,8070.072581430252,0,0,False,0.0
ALFA,2024-08-19,8070.072581430252,0,0,False,0.0
ALFA,2024-08-20,8051.524001288831,1,1,False,-0.0025010857802828016
ALFA,2024-08-21,8045.07568894422,0,0,False,-0.0008012018455633852
ALFA,2024-08-22,8043.060591336529,0,0,False,-0.0002505072785465322
ALFA,2024-08-23,8184.117423874876,0,0,False,0.01738569520873211
ALFA,2024-08-26,8073.2870554518895,0,1,False,-0.013634659276892246
ALFA,2024-08-27,7992.280131622725,0,1,False,-0.010084625013995116
ALFA,2024-08-28,7738.3778330537,0,1,False,-0.03228400889291345
ALFA,2024-08-29,7707.748349416803,0,1,False,-0.0039659812981798015
ALFA,2024-08-30,7674.297729129137,0,1,False,-0.004349313849099939
ALFA,2024-09-02,7634.398796496863,0,1,False,-0.0052125957173577795
ALFA,2024-09-03,7737.974813532162,0,1,False,0.01347580888759397
ALFA,2024-09-04,7814.9515421459455,0,1,False,0.009898761866744918
ALFA,2024-09-05,7823.414952098247,0,1,False,0.001082390642488883
ALFA,2024-09-06,7800.442839370574,0,0,False,-0.002940647513358271
ALFA,2024-09-09,7902.003758798182,0,0,False,0.012935861303673293
ALFA,2024-09-10,7888.301095065885,0,0,False,-0.0017355798128980556
ALFA,2024-09-11,7810.115307887488,0,0,False,-0.00996105997627438
ALFA,2024-09-12,7663.819221569146,0,1,False,-0.018909275486219516
ALFA,2024-09-13,7623.114249893794,0,1,False,-0.0053254719729002985
ALFA,2024-09-16,7679.9400024306715,0,1,False,0.007426754527951692
ALFA,2024-09-17,7904.824895448949,0,0,False,0.028861584357184167
ALFA,2024-09-18,7916.915481095094,0,0,False,0.0015283512068697976
ALFA,2024-09-19,7845.178006261306,0,0,False,-0.00910259417269635
ALFA,2024-09-20,7731.92952070909,0,1,False,-0.014540630305386252
ALFA,2024-09-23,7792.38244893981,0,1,False,0.007788201360344651
ALFA,2024-09-24,7624.323308458409,0,0,False,-0.02180307526828158
ALFA,2024-09-25,7684.37321716759,0,1,False,0.007845242291328791
ALFA,2024-09-26,7764.977121475217,0,1,False,0.010434695816315608
ALFA,2024-09-27,7808.503229801336,0,0,False,0.005589787340787637
ALFA,2024-09-30,7789.964331810581,0,0,False,-0.0023770164147957217
ALFA,2024-10-01,7842.759889132077,0,0,False,0.006754517933243934
ALFA,2024-10-02,7868.15011898898,0,1,False,0.003232180942806315
ALFA,2024-10-03,7789.158292767505,0,1,False,-0.010090175697334574
ALFA,2024-10-04,7951.172140425835,0,1,False,0.020586552509501754
ALFA,2024-10-07,7923.363793439704,0,0,False,-0.0035035197938118857
ALFA,2024-10-08,8003.1616587042545,0,1,False,0.010020833892382003
ALFA,2024-10-09,7775.858648556747,0,1,False,-0.028812781863040562
ALFA,2024-10-10,7899.182622147416,0,1,False,0.015735399488109803
ALFA,2024-10-11,8037.015298513457,0,0,False,0.017298494170129568
ALFA,2024-10-14,8047.09078655191,0,0,False,0.0012528503981592278
ALFA,2024-10-15,8101.901441481097,0,0,False,0.006788146854382879
ALFA,2024-10-16,8153.890959759516,0,1,False,0.006396451708520591
ALFA,2024-10-17,8089.810855834952,0,0,False,-0.007889880898874458
ALFA,2024-10-18,8159.53323306105,0,0,False,0.00858161470777037
ALFA,2024-10-21,8068.0478016718935,0,1,False,-0.011275420586980828
ALFA,2024-10-22,8014.446205307323,0,1,False,-0.006665856031697147
ALFA,2024-10-23,8111.170890476474,0,0,False,0.011996544953259558
ALFA,2024-10-24,8206.283497559474,0,0,False,0.011657907173862676
ALFA,2024-10-25,8134.546022725686,0,0,False,-0.008780207346247364
ALFA,2024-10-28,8047.896825594987,0,1,False,-0.010709140277502251
ALFA,2024-10-29,7989.862014493496,0,1,False,-0.007237303540342875
ALFA,2024-10-30,8058.375333154978,0,1,False,0.008538474777869846
ALFA,2024-10-31,7946.335906167377,0,1,False,-0.014001034514650948
ALFA,2024-11-01,7987.040877842729,0,1,False,0.005109407852576969
ALFA,2024-11-04,8070.062899279585,0,0,False,0.010340938492765408
ALFA,2024-11-05,8073.2870554518895,0,0,False,0.0003994407882148664
ALFA,2024-11-06,8174.444955357962,0,0,False,0.012452101858962481
ALFA,2024-11-07,8145.830569328754,0,0,False,-0.003506609346988376
ALFA,2024-11-08,8136.158100811838,0,0,False,-0.0011881189516461993
ALFA,2024-11-11,8054.345137939597,0,0,False,-0.010106376314729099
ALFA,2024-11-12,8162.354369711817,0,0,False,0.01332093856455618
ALFA,2024-11-13,8080.944426361114,0,0,False,-0.010023902907276202
ALFA,2024-11-14,8117.216183299546,0,1,False,0.004478510670177308
ALFA,2024-11-15,8114.798066170317,0,0,False,-0.0002979441873267755
ALFA,2024-11-18,7999.131463488872,0,0,False,-0.014356347913917605
ALFA,2024-11-19,7945.126847602763,0,0,False,-0.006774203146252589
ALFA,2024-11-20,8095.453129136487,0,1,False,0.018743796409164074
ALFA,2024-11-21,8121.246378514927,0,0,False,0.0031810753004259096
ALFA,2024-11-22,8035.403220427304,0,0,False,-0.010626456352324957
ALFA,2024-11-25,8067.241762628817,0,0,False,0.003954453908056629
ALFA,2024-11-26,8053.539098896522,0,0,False,-0.0017000004094166854
ALFA,2024-11-27,8391.672477467015,0,0,False,0.04112820795340902
ALFA,2024-11-28,8415.047609716226,0,0,False,0.0027816429618767705
ALFA,2024-11-29,8369.909423303956,0,0,False,-0.005378422492758392
ALFA,2024-12-02,8523.862880531522,0,0,False,0.018226564970607394
ALFA,2024-12-03,8348.146369140895,0,0,False,-0.02083010532559989
ALFA,2024-12-04,8350.967505791663,0,0,False,0.00033787860825844335
ALFA,2024-12-05,8559.731617948417,0,0,False,0.024691435511164216
ALFA,2024-12-06,8548.44707134535,0,0,False,-0.0013191992490302088
ALFA,2024-12-09,8374.745657562415,0,0,False,-0.02052892936599801
ALFA,2024-12-10,8340.085978710134,0,0,False,-0.004147182488322541
ALFA,2024-12-11,8494.845474980777,0,1,False,0.018386039328986102
ALFA,2024-12-12,8535.14742713459,0,0,False,0.0047330644965178
ALFA,2024-12-13,8461.79787421465,0,1,False,-0.008630963618209423
ALFA,2024-12-16,8396.105692203935,0,0,False,-0.007793675443808429
ALFA,2024-12-17,8346.131271533206,0,0,False,-0.005969879556796615
ALFA,2024-12-18,8376.760755170104,0,1,False,0.0036631843151524574
ALFA,2024-12-19,8529.908173354595,0,0,False,0.018117301268286336
ALFA,2024-12-20,8642.753639385272,0,0,False,0.013142643995956604
ALFA,2024-12-23,8697.161274792921,0,0,False,0.006275441861144914
ALFA,2024-12-24,8546.02895421612,0,0,False,-0.01752995690343461
ALFA,2024-12-25,8404.569102156234,0,0,False,-0.016691226559152852
ALFA,2024-12-26,8469.455245123874,0,0,False,0.007690692089678636
ALFA,2024-12-27,8336.45880301629,0,0,False,-0.015827668543705122
ALFA,2024-12-30,8299.78402655632,0,0,False,-0.00440902867881564
ALFA,2024-12-31,8339.682959188596,0,0,False,0.004795707595132607
BETA,2023-10-20,10000.0,0,0,False,0.0
BETA,2023-10-23,9891.666666666668,1,1,False,-0.011092441166423559
BETA,2023-10-24,9753.333333333336,0,0,False,-0.014083544903753376
BETA,2023-10-25,9883.333333333334,0,2,True,0.013240729851755957
BETA,2023-10-26,9873.45,2,2,False,-0.0012005003335835345
BETA,2023-10-27,9873.45,0,2,False,0.0
BETA,2023-10-30,9873.45,0,2,False,0.0
BETA,2023-10-31,9873.45,0,0,False,0.0
BETA,2023-11-01,9873.45,0,2,False,0.0
BETA,2023-11-02,9873.45,0,0,False,0.0
BETA,2023-11-03,9873.45,0,2,False,0.0
BETA,2023-11-06,9873.45,0,2,False,0.0
BETA,2023-11-07,9873.45,0,0,False,0.0
BETA,2023-11-08,9873.45,0,2,False,0.0
BETA,2023-11-09,9873.45,0,0,False,0.0
BETA,2023-11-10,9873.45,0,2,False,0.0
BETA,2023-11-13,9873.45,0,2,False,0.0
BETA,2023-11-14,9873.45,0,2,False,0.0
BETA,2023-11-15,9873.45,0,2,False,0.0
BETA,2023-11-16,9873.45,0,2,False,0.0
BETA,2023-11-17,9873.45,0,2,False,0.0
BETA,2023-11-20,9873.45,0,0,False,0.0
BETA,2023-11-21,9873.45,0,2,False,0.0
BETA,2023-11-22,9873.45,0,0,False,0.0
BETA,2023-11-23,9873.45,0,0,False,0.0
BETA,2023-11-24,9873.45,0,2,False,0.0
BETA,2023-11-27,9873.45,0,2,False,0.0
BETA,2023-11-28,9873.45,0,2,False,0.0
BETA,2023-11-29,9873.45,0,0,False,0.0
BETA,2023-11-30,9873.45,0,2,False,0.0
BETA,2023-12-01,9873.45,0,2,False,0.0
BETA,2023-12-04,9873.45,0,2,False,0.0
BETA,2023-12-05,9873.45,0,2,False,0.0
BETA,2023-12-06,9873.45,0,2,False,0.0
BETA,2023-12-07,9873.45,0,0,False,0.0
BETA,2023-12-08,9873.45,0,0,False,0.0
BETA,2023-12-11,9873.45,0,0,False,0.0
BETA,2023-12-12,9873.45,0,0,False,0.0
BETA,2023-12-13,9873.45,0,2,False,0.0
BETA,2023-12-14,9873.45,0,2,False,0.0
BETA,2023-12-15,9873.45,0,2,False,0.0
BETA,2023-12-18,9873.45,0,0,False,0.0
BETA,2023-12-19,9873.45,0,2,False,0.0
BETA,2023-12-20,9873.45,0,0,False,0.0
BETA,2023-12-21,9873.45,0,2,False,0.0
BETA,2023-12-22,9873.45,0,0,False,0.0
BETA,2023-12-25,9873.45,0,2,False,0.0
BETA,2023-12-26,9873.45,0,2,False,0.0
BETA,2023-12-27,9873.45,0,2,False,0.0
BETA,2023-12-28,9873.45,0,0,False,0.0
BETA,2023-12-29,9873.45,0,0,False,0.0
BETA,2024-01-01,9873.45,0,2,False,0.0
BETA,2024-01-02,9873.45,0,0,False,0.0
BETA,2024-01-03,9873.45,0,2,False,0.0
BETA,2024-01-04,9873.45,0,2,False,0.0
BETA,2024-01-05,9873.45,0,2,False,0.0
BETA,2024-01-08,9873.45,0,2,False,0.0
BETA,2024-01-09,9873.45,0,2,False,0.0
BETA,2024-01-10,9873.45,0,2,False,0.0
BETA,2024-01-11,9873.45,0,0,False,0.0
BETA,2024-01-12,9873.45,0,2,False,0.0
BETA,2024-01-15,9873.45,0,2,False,0.0
BETA,2024-01-16,9873.45,0,2,False,0.0
BETA,2024-01-17,9873.45,0,0,False,0.0
BETA,2024-01-18,9873.45,0,0,False,0.0
BETA,2024-01-19,9873.45,0,2,False,0.0
BETA,2024-01-22,9873.45,0,2,False,0.0
BETA,2024-01-23,9873.45,0,0,False,0.0
BETA,2024-01-24,9873.45,0,0,False,0.0
BETA,2024-01-25,9873.45,0,2,False,0.0
BETA,2024-01-26,9873.45,0,0,False,0.0
BETA,2024-01-29,9873.45,0,2,False,0.0
BETA,2024-01-30,9680.982751281597,1,1,False,-0.01988591641403031
BETA,2024-01-31,9619.53291517444,0,1,False,-0.006367710045326363
BETA,2024-02-01,9772.2796506408,0,1,False,0.01575406054742044
BETA,2024-02-02,9728.386910564259,0,0,False,-0.004501673218486551
BETA,2024-02-05,9723.119781755075,0,0,False,-0.0005415651364424666
BETA,2024-02-06,9765.256812228552,0,1,False,0.0043243310630030245
BETA,2024-02-07,10040.903219909222,0,1,False,0.02783620912140611
BETA,2024-02-08,10054.948896733715,0,0,False,0.0013978684785410913
BETA,2024-02-09,10184.871407360271,0,1,False,0.01283848307220695
BETA,2024-02-12,10105.864475222501,0,1,False,-0.0077875274588058
BETA,2024-02-13,10084.795959985762,0,1,False,-0.002086957279198325
BETA,2024-02-14,10077.773121573515,0,1,False,-0.0006966214144481089
BETA,2024-02-15,9982.96480300819,0,0,False,-0.009452197102666954
BETA,2024-02-16,9960.140578168388,0,0,False,-0.0022889348843779882
BETA,2024-02-19,10083.0402503827,0,0,False,0.012263643537729517
BETA,2024-02-20,9984.720512611251,0,1,False,-0.00979885355749687
BETA,2024-02-21,9961.896287771451,0,1,False,-0.0022885319380029265
BETA,2024-02-22,10053.193187130653,0,1,False,0.009122870289263608
BETA,2024-02-23,9949.60632055002,0,0,False,-0.010357329488441081
BETA,2024-02-26,10083.0402503827,0,1,False,0.013321844694677235
BETA,2024-02-27,10091.818798398008,0,0,False,0.0008702463346188479
BETA,2024-02-28,10070.75028316127,0,1,False,-0.002089864919459242
BETA,2024-02-29,9837.240905954079,0,1,False,-0.02345993471417166
BETA,2024-03-01,9781.058198656108,0,1,False,-0.005727597544469047
BETA,2024-03-04,9821.439519526524,0,0,False,0.004120023741089467
BETA,2024-03-05,10033.880381496976,0,0,False,0.021399702467005902
BETA,2024-03-06,10098.841636810255,0,0,False,0.0064533231719715355
BETA,2024-03-07,10221.741309024566,0,0,False,0.012096224904685895
BETA,2024-03-08,10081.28454077964,0,0,False,-0.013836263624559288
BETA,2024-03-11,10077.773121573515,0,1,False,-0.00034837136739733563
BETA,2024-03-12,10227.00843783375,0,1,False,0.014699789120289256
BETA,2024-03-13,10100.597346413317,0,0,False,-0.012437541570607826
BETA,2024-03-14,10225.25272823069,0,1,False,0.012265853013228504
BETA,2024-03-15,10300.748241162337,0,0,False,0.007356119049338018
BETA,2024-03-18,10339.373852429693,0,1,False,0.003742774018711033
BETA,2024-03-19,10291.96969314703,0,0,False,-0.004595361673733038
BETA,2024-03-20,10160.29147291741,0,1,False,-0.012876819696999064
BETA,2024-03-21,10374.488044490925,0,1,False,0.020862589771835926
BETA,2024-03-22,10451.739267025634,0,0,False,0.007418681807715425
BETA,2024-03-25,10490.364878292989,0,0,False,0.0036888036463212947
BETA,2024-03-26,10446.47213821645,0,1,False,-0.004192878260035927
BETA,2024-03-27,10448.227847819511,0,0,False,0.00016805310517653226
BETA,2024-03-28,10479.830620674618,0,1,False,0.0030201365237976312
BETA,2024-03-29,10534.25761836953,0,0,False,0.0051800600415423245
BETA,2024-04-01,10622.043098522608,0,0,False,0.008298802814695064
BETA,2024-04-02,10514.944812735852,0,0,False,-0.010133818760424728
BETA,2024-04-03,10314.79391798683,0,0,False,-0.01921839325210275
BETA,2024-04-04,10330.595304414384,0,1,False,0.0015307427089684418
BETA,2024-04-05,10111.131604031687,0,0,False,-0.021472954214655667
BETA,2024-04-08,10051.437477527592,0,1,False,-0.005921299084232085
BETA,2024-04-09,9986.476222214313,0,1,False,-0.006483856939363657
BETA,2024-04-10,10037.391800703099,0,1,False,0.00508549978089441
BETA,2024-04-11,10293.725402750091,0,1,False,0.02521722570024388
BETA,2024-04-12,10039.14751030616,0,0,False,-0.025042324081958035
BETA,2024-04-15,10300.748241162337,0,1,False,0.025724336043602695
BETA,2024-04-16,10283.191145131721,0,0,False,-0.0017059028360776047
BETA,2024-04-17,10341.129562032753,0,1,False,0.005618470555850058
BETA,2024-04-18,10160.29147291741,0,1,False,-0.017641975071793572
BETA,2024-04-19,10277.924016322537,0,1,False,0.011511165677992465
BETA,2024-04-22,10290.213983543968,0,0,False,0.0011950492245980722
BETA,2024-04-23,10262.122629894982,0,1,False,-0.0027336425702604644
BETA,2024-04-24,10005.789027847992,0,1,False,-0.02529587407116914
BETA,2024-04-25,10014.567575863299,0,1,False,0.0008769622591321307
BETA,2024-04-26,10132.200119268426,0,1,False,0.011677692616834705
BETA,2024-04-29,10100.597346413317,0,0,False,-0.0031239178476729643
BETA,2024-04-30,10246.321243467428,0,1,False,0.014324172779382754
BETA,2024-05-01,10397.312269330725,0,0,False,0.014628599018860385
BETA,2024-05-02,10341.129562032753,0,0,False,-0.005418232015904282
BETA,2024-05-03,10534.25761836953,0,0,False,0.018503471564559726
BETA,2024-05-06,10541.280456781775,0,0,False,0.0006664445431604468
BETA,2024-05-07,10569.37181043076,0,0,False,0.002661345549514303
BETA,2024-05-08,10567.616100827698,0,1,False,-0.00016612675509607397
BETA,2024-05-09,10588.684616064438,0,0,False,0.0019917019032161675
BETA,2024-05-10,10246.321243467428,0,0,False,-0.03286720380831054
BETA,2024-05-13,10225.25272823069,0,1,False,-0.0020583197661543586
BETA,2024-05-14,10056.704606336776,0,0,False,-0.016620881236040407
BETA,2024-05-15,10246.321243467428,0,1,False,0.018679201002194668
BETA,2024-05-16,10432.426461391957,0,0,False,0.0180001463798767
BETA,2024-05-17,10544.7918759879,0,0,False,0.010713192520722635
BETA,2024-05-20,10525.47907035422,0,0,False,-0.0018331810816610717
BETA,2024-05-21,10399.067978933786,0,0,False,-0.01208271118464942
BETA,2024-05-22,10388.668910954853,2,2,False,-0.0012005003335834234
BETA,2024-05-23,10388.668910954853,0,2,False,0.0
BETA,2024-05-24,10388.668910954853,0,0,False,0.0
BETA,2024-05-27,10388.668910954853,0,2,False,0.0
BETA,2024-05-28,10388.668910954853,0,2,False,0.0
BETA,2024-05-29,10388.668910954853,0,0,False,0.0
BETA,2024-05-30,10388.668910954853,0,0,False,0.0
BETA,2024-05-31,10388.668910954853,0,0,False,0.0
BETA,2024-06-03,10388.668910954853,0,0,False,0.0
BETA,2024-06-04,10388.668910954853,0,0,False,0.0
BETA,2024-06-05,10388.668910954853,0,2,False,0.0
BETA,2024-06-06,10388.668910954853,0,2,False,0.0
BETA,2024-06-07,10388.668910954853,0,2,False,0.0
BETA,2024-06-10,10388.668910954853,0,0,False,0.0
BETA,2024-06-11,10388.668910954853,0,2,False,0.0
BETA,2024-06-12,10388.668910954853,0,0,False,0.0
BETA,2024-06-13,10388.668910954853,0,2,False,0.0
BETA,2024-06-14,10388.668910954853,0,2,False,0.0
BETA,2024-06-17,10388.668910954853,0,0,False,0.0
BETA,2024-06-18,10388.668910954853,0,0,False,0.0
BETA,2024-06-19,10388.668910954853,0,2,False,0.0
BETA,2024-06-20,10388.668910954853,0,2,False,0.0
BETA,2024-06-21,10388.668910954853,0,2,False,0.0
BETA,2024-06-24,10388.668910954853,0,0,False,0.0
BETA,2024-06-25,10388.668910954853,0,0,False,0.0
BETA,2024-06-26,10388.668910954853,0,2,False,0.0
BETA,2024-06-27,10388.668910954853,0,0,False,0.0
BETA,2024-06-28,10388.668910954853,0,0,False,0.0
BETA,2024-07-01,10388.668910954853,0,0,False,0.0
BETA,2024-07-02,10388.668910954853,0,0,False,0.0
BETA,2024-07-03,10388.668910954853,0,0,False,0.0
BETA,2024-07-04,10388.668910954853,0,2,False,0.0
BETA,2024-07-05,10388.668910954853,0,0,False,0.0
BETA,2024-07-08,10388.668910954853,0,2,False,0.0
BETA,2024-07-09,10388.668910954853,0,2,False,0.0
BETA,2024-07-10,10388.668910954853,0,2,False,0.0
BETA,2024-07-11,10388.668910954853,0,0,False,0.0
BETA,2024-07-12,10388.668910954853,0,0,False,0.0
BETA,2024-07-15,10388.668910954853,0,2,False,0.0
BETA,2024-07-16,10388.668910954853,0,2,False,0.0
BETA,2024-07-17,10388.668910954853,0,2,False,0.0
BETA,2024-07-18,10388.668910954853,0,2,False,0.0
BETA,2024-07-19,10388.668910954853,0,2,False,0.0
BETA,2024-07-22,10388.668910954853,0,0,False,0.0
BETA,2024-07-23,10388.668910954853,0,0,False,0.0
BETA,2024-07-24,10388.668910954853,0,2,False,0.0
BETA,2024-07-25,10388.668910954853,0,2,False,0.0
BETA,2024-07-26,10388.668910954853,0,0,False,0.0
BETA,2024-07-29,10388.668910954853,0,0,False,0.0
BETA,2024-07-30,10388.668910954853,0,0,False,0.0
BETA,2024-07-31,10388.668910954853,0,2,False,0.0
BETA,2024-08-01,10388.668910954853,0,0,False,0.0
BETA,2024-08-02,10388.668910954853,0,0,False,0.0
BETA,2024-08-05,10388.668910954853,0,0,False,0.0
BETA,2024-08-06,10388.668910954853,0,2,False,0.0
BETA,2024-08-07,10388.668910954853,0,2,False,0.0
BETA,2024-08-08,10388.668910954853,0,0,False,0.0
BETA,2024-08-09,10388.668910954853,0,0,False,0.0
BETA,2024-08-12,10388.668910954853,0,2,False,0.0
BETA,2024-08-13,10388.668910954853,0,0,False,0.0
BETA,2024-08-14,10388.668910954853,0,2,False,0.0
BETA,2024-08-15,10388.668910954853,0,0,False,0.0
BETA,2024-08-16,10388.668910954853,0,0,False,0.0
BETA,2024-08-19,10388.668910954853,0,2,False,0.0
BETA,2024-08-20,10388.668910954853,0,0,False,0.0
BETA,2024-08-21,10388.668910954853,0,2,False,0.0
BETA,2024-08-22,10388.668910954853,0,0,False,0.0
BETA,2024-08-23,10388.668910954853,0,2,False,0.0
BETA,2024-08-26,10388.668910954853,0,2,False,0.0
BETA,2024-08-27,10388.668910954853,0,0,False,0.0
BETA,2024-08-28,10388.668910954853,0,2,False,0.0
BETA,2024-08-29,10388.668910954853,0,2,False,0.0
BETA,2024-08-30,10388.668910954853,0,2,False,0.0
BETA,2024-09-02,10388.668910954853,0,2,False,0.0
BETA,2024-09-03,10388.668910954853,0,2,False,0.0
BETA,2024-09-04,10388.668910954853,0,0,False,0.0
BETA,2024-09-05,10388.668910954853,0,2,False,0.0
BETA,2024-09-06,10388.668910954853,0,2,False,0.0
BETA,2024-09-09,10388.668910954853,0,2,False,0.0
BETA,2024-09-10,10388.668910954853,0,2,False,0.0
BETA,2024-09-11,10388.668910954853,0,2,False,0.0
BETA,2024-09-12,10388.668910954853,0,0,False,0.0
BETA,2024-09-13,10388.668910954853,0,0,False,0.0
BETA,2024-09-16,10388.668910954853,0,2,False,0.0
BETA,2024-09-17,10388.668910954853,0,2,False,0.0
BETA,2024-09-18,10388.668910954853,0,0,False,0.0
BETA,2024-09-19,10388.668910954853,0,0,False,0.0
BETA,2024-09-20,10388.668910954853,0,0,False,0.0
BETA,2024-09-23,10388.668910954853,0,0,False,0.0
BETA,2024-09-24,10388.668910954853,0,2,False,0.0
BETA,2024-09-25,10388.668910954853,0,0,False,0.0
BETA,2024-09-26,10388.668910954853,0,2,False,0.0
BETA,2024-09-27,10388.668910954853,0,0,False,0.0
BETA,2024-09-30,10388.668910954853,0,2,False,0.0
BETA,2024-10-01,10388.668910954853,0,2,False,0.0
BETA,2024-10-02,10388.668910954853,0,0,False,0.0
BETA,2024-10-03,10388.668910954853,0,2,False,0.0
BETA,2024-10-04,10388.668910954853,0,2,False,0.0
BETA,2024-10-07,10388.668910954853,0,2,False,0.0
BETA,2024-10-08,10388.668910954853,0,2,False,0.0
BETA,2024-10-09,10388.668910954853,0,2,False,0.0
BETA,2024-10-10,10388.668910954853,0,0,False,0.0
BETA,2024-10-11,10388.668910954853,0,2,False,0.0
BETA,2024-10-14,10388.668910954853,0,2,False,0.0
BETA,2024-10-15,10388.668910954853,0,2,False,0.0
BETA,2024-10-16,10388.668910954853,0,2,False,0.0
BETA,2024-10-17,10388.668910954853,0,0,False,0.0
BETA,2024-10-18,10388.668910954853,0,2,False,0.0
BETA,2024-10-21,10388.668910954853,0,2,False,0.0
BETA,2024-10-22,10388.668910954853,0,0,False,0.0
BETA,2024-10-23,10388.668910954853,0,2,False,0.0
BETA,2024-10-24,10388.668910954853,0,2,False,0.0
BETA,2024-10-25,10388.668910954853,0,2,False,0.0
BETA,2024-10-28,10388.668910954853,0,2,False,0.0
BETA,2024-10-29,10388.668910954853,0,0,False,0.0
BETA,2024-10-30,10388.668910954853,0,2,False,0.0
BETA,2024-10-31,10393.8866784981,1,1,False,0.0003021295509513897
BETA,2024-11-01,10581.163915948517,0,0,False,0.01785761740000647
BETA,2024-11-04,10515.136684796125,0,0,False,-0.006259623238843377
BETA,2024-11-05,10439.505492748842,0,0,False,-0.007218593362043643
BETA,2024-11-06,10596.770352402717,0,0,False,0.014952056219187384
BETA,2024-11-07,10540.34708214522,0,0,False,-0.005338798391070501
BETA,2024-11-08,10503.131733677508,0,0,False,-0.00353699952289776
BETA,2024-11-11,10474.31985099283,0,0,False,-0.002746940035636507
BETA,2024-11-12,10479.121831440278,0,1,False,0.0004583476647220466
BETA,2024-11-13,10273.837167311935,0,1,False,-0.019784297758587845
BETA,2024-11-14,10210.210926383268,0,1,False,-0.0062122921467999545
BETA,2024-11-15,10245.025284627256,0,1,False,0.003403958917983209
BETA,2024-11-18,10255.829740634012,0,0,False,0.0010540494036734372
BETA,2024-11-19,10404.691134504856,0,0,False,0.014410475982726418
BETA,2024-11-20,10657.995603107662,0,0,False,0.02405359625963566
BETA,2024-11-21,10859.678781900417,0,0,False,0.01874636464380775
BETA,2024-11-22,10996.535224652644,0,0,False,0.012523507630387424
BETA,2024-11-25,10979.72829308658,0,0,False,-0.0015295534501754645
BETA,2024-11-26,10899.295120591853,0,0,False,-0.007352570846243079
BETA,2024-11-27,10906.49809126302,0,0,False,0.0006606474585140796
BETA,2024-11-28,10977.327302862857,0,0,False,0.0064732246443751544
BETA,2024-11-29,11076.968397147373,0,0,False,0.009036042103909183
BETA,2024-12-02,11174.208501208168,0,0,False,0.008740276843626636
BETA,2024-12-03,11175.40899632003,0,0,False,0.00010742869430747346
BETA,2024-12-04,11271.44860526896,0,0,False,0.0085571171420575
BETA,2024-12-05,11453.92386227193,0,0,False,0.016059510493298467
BETA,2024-12-06,11576.374363681818,0,0,False,0.01063396175853869
BETA,2024-12-09,11577.57485879368,0,1,False,0.00010369679067727356
BETA,2024-12-10,11468.32980361427,0,1,False,-0.00948071903105334
BETA,2024-12-11,11363.886728882306,0,1,False,-0.009148809803815168
BETA,2024-12-12,11352.522842153423,2,2,False,-0.0012005003335835345
BETA,2024-12-13,11352.522842153423,0,2,False,0.0
BETA,2024-12-16,11352.522842153423,0,0,False,0.0
BETA,2024-12-17,11352.522842153423,0,0,False,0.0
BETA,2024-12-18,11352.522842153423,0,2,False,0.0
BETA,2024-12-19,11399.831545100811,1,1,False,0.003958582476443828
BETA,2024-12-20,11283.731202392344,0,0,False,-0.010236606817645745
BETA,2024-12-23,11352.16929914681,0,1,False,0.006046881614892907
BETA,2024-12-24,11294.730182227884,0,0,False,-0.005072591957309106
BETA,2024-12-25,11189.628819354955,0,0,False,-0.009348910357754488
BETA,2024-12-26,11178.4391905356,2,2,False,-0.0012005003335835345
BETA,2024-12-27,11178.4391905356,0,0,False,0.0
BETA,2024-12-30,11178.4391905356,0,0,False,0.0
BETA,2024-12-31,11178.4391905356,0,2,False,0.0
DELT,2023-10-20,9949.807778274475,1,1,False,-0.0052318607765384365
DELT,2023-10-23,10132.905677246312,0,1,False,0.018234883732667094
DELT,2023-10-24,9940.87617344658,0,1,False,-0.019132952944351543
DELT,2023-10-25,9876.122038444344,0,1,False,-0.006535234527108889
DELT,2023-10-26,9760.011175681717,0,1,False,-0.011826383005012117
DELT,2023-10-27,9748.846669646848,0,1,False,-0.001144557753425404
DELT,2023-10-30,9893.985248100134,0,1,False,0.01477803408960032
DELT,2023-10-31,9873.889137237371,0,1,False,-0.0020332097820979565
DELT,2023-11-01,9898.45105051408,0,1,False,0.0024844733276619658
DELT,2023-11-02,10005.630308448815,0,1,False,0.010769680041089542
DELT,2023-11-03,9958.73938310237,0,1,False,-0.004697469772033335
DELT,2023-11-06,9948.780643719267,2,2,False,-0.0012005003335835345
DELT,2023-11-07,9967.672223392508,1,1,False,0.0016970833275455459
DELT,2023-11-08,9830.12588957316,0,2,True,-0.013895337870670287
DELT,2023-11-09,9770.226679684089,0,1,False,-0.006112073356919006
DELT,2023-11-10,9787.974593725294,0,1,False,0.0018148825308223126
DELT,2023-11-13,9936.613373820397,0,1,False,0.015071705833906945
DELT,2023-11-14,10094.126110936104,0,1,False,0.01572742573769607
DELT,2023-11-15,10344.815396768145,0,1,False,0.024531784863324933
DELT,2023-11-16,10426.899499208723,0,0,False,0.007903490889828928
DELT,2023-11-17,10416.472599709514,2,2,False,-0.0012005003335835345
DELT,2023-11-20,10416.472599709514,0,2,False,0.0
DELT,2023-11-21,10416.472599709514,0,2,False,0.0
DELT,2023-11-22,10416.472599709514,0,2,False,0.0
DELT,2023-11-23,10457.427513871668,1,1,False,0.0037240359004755944
DELT,2023-11-24,10526.667209072442,0,1,False,0.006599278872874786
DELT,2023-11-27,10381.487203006303,0,1,False,-0.01388762839198372
DELT,2023-11-28,10371.105715803296,2,2,False,-0.0012005003335836457
DELT,2023-11-29,10371.105715803296,0,2,False,0.0
DELT,2023-11-30,10371.105715803296,0,2,False,0.0
DELT,2023-12-01,10371.105715803296,0,2,False,0.0
DELT,2023-12-04,10460.698816231134,1,1,False,0.008401621879642798
DELT,2023-12-05,10414.048853364102,0,1,False,-0.004469518986706041
DELT,2023-12-06,10667.29150892799,0,1,False,0.024026445524349932
DELT,2023-12-07,10625.084399667341,0,1,False,-0.003964533100901772
DELT,2023-12-08,10382.948878119414,0,1,False,-0.023052728581493476
DELT,2023-12-11,10442.927401805597,0,1,False,0.0057600159253272136
DELT,2023-12-12,10196.349026651285,0,1,False,-0.023895227969539592
DELT,2023-12-13,10103.04910091722,0,1,False,-0.009192448184164259
DELT,2023-12-14,10158.58477099702,0,1,False,0.005481868787628633
DELT,2023-12-15,10148.426186226023,2,2,False,-0.0012005003335835345
DELT,2023-12-18,10148.426186226023,0,2,False,0.0
DELT,2023-12-19,10010.11295836536,1,1,False,-0.013922760105765292
DELT,2023-12-20,10105.131690641234,0,1,False,0.009447505180975332
DELT,2023-12-21,9888.577370570638,0,1,False,-0.021663092949099384
DELT,2023-12-22,10047.678503683728,0,1,False,0.015961323116054756
DELT,2023-12-25,9992.435054686128,0,1,False,-0.005513300987095301
DELT,2023-12-26,10173.63356739826,0,1,False,0.017971117003858034
DELT,2023-12-27,10074.195359202578,0,0,False,-0.00982218962833167
DELT,2023-12-28,10064.121163843376,2,2,False,-0.0012005003335835345
DELT,2023-12-29,10064.121163843376,0,0,False,0.0
DELT,2024-01-01,9849.847586756483,1,1,False,-0.021720757579676418
DELT,2024-01-02,9862.88223287923,0,1,False,0.0013224599679191949
DELT,2024-01-03,10025.81530941358,0,1,False,0.016384855901559043
DELT,2024-01-04,10121.402714313732,0,1,False,0.009488964879844335
DELT,2024-01-05,10245.231852479834,0,1,False,0.012160149840464556
DELT,2024-01-08,10342.991698400445,0,1,False,0.009496747537257428
DELT,2024-01-09,10332.648706702044,2,2,False,-0.0012005003335835345
DELT,2024-01-10,10409.811849968179,1,1,False,0.007240149061139517
DELT,2024-01-11,10420.748823964783,0,1,False,0.0010500893540802108
DELT,2024-01-12,10328.878242393304,0,1,False,-0.00885521282973255
DELT,2024-01-15,10366.06395398176,0,1,False,0.003593704322130069
DELT,2024-01-16,10368.251348781081,0,1,False,0.00021099272153392713
DELT,2024-01-17,10554.179906723359,0,1,False,0.017773599083964288
DELT,2024-01-18,10497.307641941015,0,1,False,-0.005403171914840718
DELT,2024-01-19,10486.810334299074,2,2,False,-0.0012005003335835345
DELT,2024-01-22,10486.810334299074,0,2,False,0.0
DELT,2024-01-23,10706.718458727375,1,1,False,0.020553128867624643
DELT,2024-01-24,10604.813006813149,0,0,False,-0.009563482452574995
DELT,2024-01-25,10773.178536062742,0,0,False,0.01575162101127682
DELT,2024-01-26,10644.689053214368,0,0,False,-0.011998488999393035
DELT,2024-01-29,10724.441146016805,0,1,False,0.007464268535301332
DELT,2024-01-30,10777.609207885098,0,1,False,0.00494540468041111
DELT,2024-01-31,10954.836080779407,0,0,False,0.016310249436707076
DELT,2024-02-01,11089.971571361317,0,0,False,0.012260227934907117
DELT,2024-02-02,11101.04825091721,0,0,False,0.0009983029680050754
DELT,2024-02-05,11036.803509493024,0,1,False,-0.005804079137598959
DELT,2024-02-06,11280.490459722698,0,0,False,0.02183926385517145
DELT,2024-02-07,11211.815046476153,0,0,False,-0.006106588463219179
DELT,2024-02-08,10921.606042111724,0,1,False,-0.02622510417734222
DELT,2024-02-09,10675.703755970871,0,1,False,-0.02277255039640304
DELT,2024-02-12,10463.031508497701,0,1,False,-0.020122246744215776
DELT,2024-02-13,10547.214273122498,0,1,False,0.008013539298401632
DELT,2024-02-14,10817.485254286317,0,1,False,0.02530205486714149
DELT,2024-02-15,10551.644944944857,0,0,False,-0.024882063260799652
DELT,2024-02-16,10541.093299999913,2,2,False,-0.0012005003335834234
DELT,2024-02-19,10541.093299999913,0,2,False,0.0
DELT,2024-02-20,10541.093299999913,0,2,False,0.0
DELT,2024-02-21,10541.093299999913,0,0,False,0.0
DELT,2024-02-22,10541.093299999913,0,2,False,0.0
DELT,2024-02-23,10541.093299999913,0,0,False,0.0
DELT,2024-02-26,10541.093299999913,0,2,False,0.0
DELT,2024-02-27,10541.093299999913,0,0,False,0.0
DELT,2024-02-28,10541.093299999913,0,0,False,0.0
DELT,2024-02-29,10541.093299999913,0,0,False,0.0
DELT,2024-03-01,10541.093299999913,0,2,False,0.0
DELT,2024-03-04,10541.093299999913,0,2,False,0.0
DELT,2024-03-05,10541.093299999913,0,0,False,0.0
DELT,2024-03-06,10541.093299999913,0,2,False,0.0
DELT,2024-03-07,10541.093299999913,0,2,False,0.0
DELT,2024-03-08,10642.53264092462,1,1,False,0.009377219364387583
DELT,2024-03-11,10583.248881629188,0,0,False,-0.005586028800730003
DELT,2024-03-12,10607.401524305105,0,1,False,0.0022795575097606714
DELT,2024-03-13,10433.941635996245,0,1,False,-0.016487903511925826
DELT,2024-03-14,10576.661797263028,0,1,False,0.01358574558773988
DELT,2024-03-15,10644.72833571334,0,0,False,0.006414921118929659
DELT,2024-03-18,10651.3154200795,0,1,False,0.0006186204960661022
DELT,2024-03-19,10666.685283600536,0,0,False,0.001441961316901184
DELT,2024-03-20,10477.85553177064,0,1,False,-0.017861326344310906
DELT,2024-03-21,10467.37767623887,2,2,False,-0.0012005003335834234
DELT,2024-03-22,10467.37767623887,0,2,False,0.0
DELT,2024-03-25,10467.37767623887,0,0,False,0.0
DELT,2024-03-26,10467.37767623887,0,0,False,0.0
DELT,2024-03-27,10467.37767623887,0,0,False,0.0
DELT,2024-03-28,10467.37767623887,0,2,False,0.0
DELT,2024-03-29,10467.37767623887,0,0,False,0.0
DELT,2024-04-01,10467.37767623887,0,0,False,0.0
DELT,2024-04-02,10467.37767623887,0,2,False,0.0
DELT,2024-04-03,10467.37767623887,0,2,False,0.0
DELT,2024-04-04,10467.37767623887,0,0,False,0.0
DELT,2024-04-05,10467.37767623887,0,2,False,0.0
DELT,2024-04-08,10467.37767623887,0,0,False,0.0
DELT,2024-04-09,10467.37767623887,0,0,False,0.0
DELT,2024-04-10,10553.248747137412,1,1,False,0.007970217846405236
DELT,2024-04-11,10513.456779247828,0,0,False,-0.0037777159948232395
DELT,2024-04-12,10383.609305081818,0,0,False,-0.012427500090639235
DELT,2024-04-15,10421.30695887195,0,1,False,0.003623921823879485
DELT,2024-04-16,10588.852086828092,0,0,False,0.01594930140767804
DELT,2024-04-17,10823.415265966689,0,1,False,0.021910109635744326
DELT,2024-04-18,10498.796580551667,0,0,False,-0.03045122819893433
DELT,2024-04-19,10804.566439071623,0,1,False,0.02870822398114645
DELT,2024-04-22,10865.301547955723,0,0,False,0.005605504191684582
DELT,2024-04-23,10959.545682431053,0,1,False,0.008636460935873298
DELT,2024-04-24,10712.416618695745,0,0,False,-0.02280732798648106
DELT,2024-04-25,10701.70420207705,2,2,False,-0.0012005003335834234
DELT,2024-04-26,10701.70420207705,0,2,False,0.0
DELT,2024-04-29,10701.70420207705,0,0,False,0.0
DELT,2024-04-30,10701.70420207705,0,0,False,0.0
DELT,2024-05-01,10701.70420207705,0,2,False,0.0
DELT,2024-05-02,10701.70420207705,0,0,False,0.0
DELT,2024-05-03,10701.70420207705,0,0,False,0.0
DELT,2024-05-06,10701.70420207705,0,0,False,0.0
DELT,2024-05-07,10701.70420207705,0,0,False,0.0
DELT,2024-05-08,10701.70420207705,0,0,False,0.0
DELT,2024-05-09,10701.70420207705,0,0,False,0.0
DELT,2024-05-10,10701.70420207705,0,0,False,0.0
DELT,2024-05-13,10701.70420207705,0,0,False,0.0
DELT,2024-05-14,10701.70420207705,0,0,False,0.0
DELT,2024-05-15,10701.70420207705,0,2,False,0.0
DELT,2024-05-16,10701.70420207705,0,0,False,0.0
DELT,2024-05-17,10701.70420207705,0,0,False,0.0
DELT,2024-05-20,10701.70420207705,0,0,False,0.0
DELT,2024-05-21,10701.70420207705,0,0,False,0.0
DELT,2024-05-22,10701.70420207705,0,2,False,0.0
DELT,2024-05-23,10701.70420207705,0,2,False,0.0
DELT,2024-05-24,10701.70420207705,0,2,False,0.0
DELT,2024-05-27,10701.70420207705,0,0,False,0.0
DELT,2024-05-28,10701.70420207705,0,0,False,0.0
DELT,2024-05-29,10701.70420207705,0,0,False,0.0
DELT,2024-05-30,10701.70420207705,0,0,False,0.0
DELT,2024-05-31,10701.70420207705,0,0,False,0.0
DELT,2024-06-03,10701.70420207705,0,2,False,0.0
DELT,2024-06-04,10701.70420207705,0,0,False,0.0
DELT,2024-06-05,10701.70420207705,0,0,False,0.0
DELT,2024-06-06,10701.70420207705,0,2,False,0.0
DELT,2024-06-07,10701.70420207705,0,2,False,0.0
DELT,2024-06-10,10701.70420207705,0,2,False,0.0
DELT,2024-06-11,10701.70420207705,0,0,False,0.0
DELT,2024-06-12,10701.70420207705,0,0,False,0.0
DELT,2024-06-13,10701.70420207705,0,0,False,0.0
DELT,2024-06-14,10701.70420207705,0,0,False,0.0
DELT,2024-06-17,10701.70420207705,0,0,False,0.0
DELT,2024-06-18,10701.70420207705,0,2,False,0.0
DELT,2024-06-19,10701.70420207705,0,2,False,0.0
DELT,2024-06-20,10701.70420207705,0,2,False,0.0
DELT,2024-06-21,10701.70420207705,0,0,False,0.0
DELT,2024-06-24,10701.70420207705,0,0,False,0.0
DELT,2024-06-25,10701.70420207705,0,0,False,0.0
DELT,2024-06-26,10701.70420207705,0,2,False,0.0
DELT,2024-06-27,10701.70420207705,0,2,False,0.0
DELT,2024-06-28,10701.70420207705,0,0,False,0.0
DELT,2024-07-01,10701.70420207705,0,2,False,0.0
DELT,2024-07-02,10701.70420207705,0,0,False,0.0
DELT,2024-07-03,10701.70420207705,0,2,False,0.0
DELT,2024-07-04,10701.70420207705,0,0,False,0.0
DELT,2024-07-05,10701.70420207705,0,2,False,0.0
DELT,2024-07-08,10701.70420207705,0,0,False,0.0
DELT,2024-07-09,10701.70420207705,0,0,False,0.0
DELT,2024-07-10,10701.70420207705,0,0,False,0.0
DELT,2024-07-11,10701.70420207705,0,0,False,0.0
DELT,2024-07-12,10701.70420207705,0,0,False,0.0
DELT,2024-07-15,10701.70420207705,0,0,False,0.0
DELT,2024-07-16,10701.70420207705,0,0,False,0.0
DELT,2024-07-17,10701.70420207705,0,2,False,0.0
DELT,2024-07-18,10701.70420207705,0,0,False,0.0
DELT,2024-07-19,10701.70420207705,0,2,False,0.0
DELT,2024-07-22,10701.70420207705,0,0,False,0.0
DELT,2024-07-23,10701.70420207705,0,2,False,0.0
DELT,2024-07-24,10701.70420207705,0,0,False,0.0
DELT,2024-07-25,10701.70420207705,0,0,False,0.0
DELT,2024-07-26,10701.70420207705,0,0,False,0.0
DELT,2024-07-29,10701.70420207705,0,0,False,0.0
DELT,2024-07-30,10701.70420207705,0,0,False,0.0
DELT,2024-07-31,10701.70420207705,0,0,False,0.0
DELT,2024-08-01,10701.70420207705,0,0,False,0.0
DELT,2024-08-02,10701.70420207705,0,0,False,0.0
DELT,2024-08-05,10825.024518501848,1,1,False,0.011257538866911802
DELT,2024-08-06,10910.710728410833,0,0,False,0.007884403524148835
DELT,2024-08-07,11139.20728816813,0,0,False,0.020726130517117167
DELT,2024-08-08,11222.696415771756,0,0,False,0.007467120567200968
DELT,2024-08-09,11202.922675023528,0,0,False,-0.0017634960972742135
DELT,2024-08-12,11336.944695650403,0,1,False,0.01189213742045269
DELT,2024-08-13,11383.083424062936,0,0,False,0.004061508339180015
DELT,2024-08-14,11495.134621636224,0,1,False,0.009795526322246215
DELT,2024-08-15,11697.266193729216,0,1,False,0.017431286377967755
DELT,2024-08-16,11723.631181393519,0,0,False,0.002251408080457428
DELT,2024-08-19,11670.901206064911,0,0,False,-0.004507896439189928
DELT,2024-08-20,11596.20040768272,0,1,False,-0.006421174093000315
DELT,2024-08-21,11670.901206064911,0,1,False,0.00642117409300025
DELT,2024-08-22,11567.638337713057,0,0,False,-0.00888726658819393
DELT,2024-08-23,11525.893773911244,0,1,False,-0.00361526414125682
DELT,2024-08-26,11405.054247116519,0,0,False,-0.010539524599590087
DELT,2024-08-27,11473.163798582636,0,0,False,0.005954113431845223
DELT,2024-08-28,11363.309683314706,0,1,False,-0.00962100936732608
DELT,2024-08-29,11209.513921939606,0,1,False,-0.013626841189991221
DELT,2024-08-30,11064.506489785936,0,1,False,-0.013020503537519133
DELT,2024-09-02,10998.59402062518,0,0,False,-0.005974923172517996
DELT,2024-09-03,10939.272798380496,0,0,False,-0.005408125349536932
DELT,2024-09-04,10967.834868350159,0,0,False,0.002607563407080991
DELT,2024-09-05,10948.06112760193,0,0,False,-0.0018045117678592174
DELT,2024-09-06,11013.97359676269,0,1,False,0.0060024189820989116
DELT,2024-09-09,11082.083148228805,0,1,False,0.00616487982130667
DELT,2024-09-10,11165.572275832432,0,1,False,0.007505466795299191
DELT,2024-09-11,10908.513646105475,0,0,False,-0.02329158740083643
DELT,2024-09-12,10781.082872394676,0,1,False,-0.011750540389369615
DELT,2024-09-13,10770.301789522282,2,2,False,-0.0012005003335835345
DELT,2024-09-16,10770.421701789171,1,1,False,-0.0001888664587389787
DELT,2024-09-17,10918.528612956343,0,0,False,0.013657573206690903
DELT,2024-09-18,10724.68280275225,0,0,False,-0.017913329959159358
DELT,2024-09-19,10665.875646847637,0,1,False,-0.0054984356020267786
DELT,2024-09-20,10624.492833433282,0,1,False,-0.003887472926451664
DELT,2024-09-23,10659.341518413792,0,1,False,0.0032746652267513355
DELT,2024-09-24,10661.519561225074,0,1,False,0.0002043109619937811
DELT,2024-09-25,10733.394973997378,0,1,False,0.006718950248745009
DELT,2024-09-26,10726.860845563531,0,0,False,-0.0006089516071664828
DELT,2024-09-27,10907.638398899931,0,1,False,0.01671235917374507
DELT,2024-09-30,11134.154851273253,0,0,False,0.02055408327743627
DELT,2024-10-01,10983.8698972948,0,0,False,-0.01358957398064532
DELT,2024-10-02,10972.886027397506,2,2,False,-0.0012005003335835345
DELT,2024-10-03,11059.554885503452,1,1,False,0.007667426536076337
DELT,2024-10-04,11122.479565056052,0,0,False,0.005673496583974649
DELT,2024-10-07,11076.913417793825,0,1,False,-0.00410517632525044
DELT,2024-10-08,11118.13993198346,0,1,False,0.003714932417858974
DELT,2024-10-09,10914.177177571584,0,1,False,-0.018515399922840108
DELT,2024-10-10,10918.516810644178,0,1,False,0.0003975352864915897
DELT,2024-10-11,10725.403138913785,0,1,False,-0.01784508507331721
DELT,2024-10-14,10801.346717684166,0,1,False,0.007055769620578102
DELT,2024-10-15,10658.138826288592,0,0,False,-0.013347013100559194
DELT,2024-10-16,10675.497358578967,0,1,False,0.0016273396593756292
DELT,2024-10-17,10716.7238727686,0,1,False,0.0038543510542708584
DELT,2024-10-18,10747.101304276752,0,0,False,0.002830572047612954
DELT,2024-10-21,10651.629376679704,0,1,False,-0.00892319853018517
DELT,2024-10-22,10629.93121131674,0,1,False,-0.002039152419477604
DELT,2024-10-23,10766.62965310342,0,1,False,0.012777782613171466
DELT,2024-10-24,10712.384239696006,0,0,False,-0.005051025992883549
DELT,2024-10-25,10712.384239696006,0,1,False,0.0
DELT,2024-10-28,10621.251945171553,0,0,False,-0.008543583294252007
DELT,2024-10-29,10757.950386958233,0,1,False,0.012788157630524872
DELT,2024-10-30,10766.62965310342,0,0,False,0.0008064516566105101
DELT,2024-10-31,10647.28974360711,0,1,False,-0.011146128161842897
DELT,2024-11-01,10660.30864282489,0,1,False,0.0012219960787448064
DELT,2024-11-04,10645.119927070815,0,1,False,-0.0014258073502135852
DELT,2024-11-05,10840.403415337503,0,0,False,0.018178646427033696
DELT,2024-11-06,10840.403415337503,0,0,False,0.0
DELT,2024-11-07,10664.648275897483,0,1,False,-0.01634583866420142
DELT,2024-11-08,10742.761671204158,0,1,False,0.007297822780156004
DELT,2024-11-11,10994.460389414557,0,0,False,0.023159350114486797
DELT,2024-11-12,11165.875895781983,0,0,False,0.01547078736577965
DELT,2024-11-13,11009.649105168633,0,0,False,-0.014090252682462126
DELT,2024-11-14,10998.639456063465,2,2,False,-0.0012005003335835345
DELT,2024-11-15,10998.639456063465,0,2,False,0.0
DELT,2024-11-18,10998.639456063465,0,2,False,0.0
DELT,2024-11-19,10998.639456063465,0,2,False,0.0
DELT,2024-11-20,10998.639456063465,0,0,False,0.0
DELT,2024-11-21,10998.639456063465,0,2,False,0.0
DELT,2024-11-22,10998.639456063465,0,2,False,0.0
DELT,2024-11-25,10998.639456063465,0,0,False,0.0
DELT,2024-11-26,10998.639456063465,0,2,False,0.0
DELT,2024-11-27,10998.639456063465,0,2,False,0.0
DELT,2024-11-28,11061.578856360265,1,1,False,0.0055061603092319954
DELT,2024-11-29,11068.300496337799,0,2,True,0.0006074719231052535
DELT,2024-12-02,11200.492749229283,0,2,True,0.011872561231602232
DELT,2024-12-03,11113.111429521352,0,0,False,-0.007832151694597252
DELT,2024-12-04,11101.99831809183,2,2,False,-0.0012005003335836457
DELT,2024-12-05,11101.99831809183,0,2,False,0.0
DELT,2024-12-06,11101.99831809183,0,2,False,0.0
DELT,2024-12-09,11101.99831809183,0,2,False,0.0
DELT,2024-12-10,11101.99831809183,0,2,False,0.0
DELT,2024-12-11,11101.99831809183,0,2,False,0.0
DELT,2024-12-12,11101.99831809183,0,2,False,0.0
DELT,2024-12-13,11101.99831809183,0,2,False,0.0
DELT,2024-12-16,11101.99831809183,0,2,False,0.0
DELT,2024-12-17,11101.99831809183,0,0,False,0.0
DELT,2024-12-18,11101.99831809183,0,2,False,0.0
DELT,2024-12-19,11101.99831809183,0,0,False,0.0
DELT,2024-12-20,11101.99831809183,0,2,False,0.0
DELT,2024-12-23,11101.99831809183,0,2,False,0.0
DELT,2024-12-24,11101.99831809183,0,2,False,0.0
DELT,2024-12-25,11101.99831809183,0,2,False,0.0
DELT,2024-12-26,11101.99831809183,0,0,False,0.0
DELT,2024-12-27,11101.99831809183,0,0,False,0.0
DELT,2024-12-30,11101.99831809183,0,0,False,0.0
DELT,2024-12-31,11101.99831809183,0,2,False,0.0
EPSI,2023-10-20,9967.468502099859,1,1,False,-0.003458452785875453
EPSI,2023-10-23,10037.393840410637,0,1,False,0.0069908627109608905
EPSI,2023-10-24,9902.204853009798,0,1,False,-0.013560058150085385
EPSI,2023-10-25,9913.082127858142,0,1,False,0.0010978671115275524
EPSI,2023-10-26,9736.714885674286,0,1,False,-0.017951531849661105
EPSI,2023-10-27,9743.707419505365,0,1,False,0.0007179037519674002
EPSI,2023-10-30,9788.770415305646,0,1,False,0.0046141688865801505
EPSI,2023-10-31,9933.282781147922,0,1,False,0.014655163014657186
EPSI,2023-11-01,9848.595426971535,0,1,False,-0.008562166914475566
EPSI,2023-11-02,9814.409706019596,0,1,False,-0.003477164875333539
EPSI,2023-11-03,9734.384041063928,0,1,False,-0.00818731968992527
EPSI,2023-11-06,9703.306112925804,0,1,False,-0.0031977003824674877
EPSI,2023-11-07,9591.425571628557,0,1,False,-0.01159713408380524
EPSI,2023-11-08,9341.248250116658,0,1,False,-0.026429640804370772
EPSI,2023-11-09,9219.267382174521,0,1,False,-0.013144314156320544
EPSI,2023-11-10,9192.074195053663,0,1,False,-0.0029539625649256654
EPSI,2023-11-13,9174.20438637424,0,1,False,-0.001945937413409239
EPSI,2023-11-14,9241.021931871208,0,1,False,0.007256803426285437
EPSI,2023-11-15,9331.92487167522,0,1,False,0.009788825287951388
EPSI,2023-11-16,9301.62389174055,0,1,False,-0.0032523065819007866
EPSI,2023-11-17,9126.8105459636,0,1,False,-0.018972701148703683
EPSI,2023-11-20,9185.081661222584,0,1,False,0.006364313560428847
EPSI,2023-11-21,9188.189454036397,0,1,False,0.00033829499646035607
EPSI,2023-11-22,9169.542697153522,0,1,False,-0.002031488763661244
EPSI,2023-11-23,9307.839477368174,0,1,False,0.014969584052326365
EPSI,2023-11-24,9373.103126458234,0,1,False,0.006987218578296852
EPSI,2023-11-27,9389.41903873075,0,1,False,0.0017392028898460278
EPSI,2023-11-28,9414.28138124125,0,1,False,0.0026444110939392064
EPSI,2023-11-29,9516.061595893607,0,1,False,0.01075323310599715
EPSI,2023-11-30,9436.81287914139,0,1,False,-0.008362760879999105
EPSI,2023-12-01,9342.802146523563,0,1,False,-0.010012081483558765
EPSI,2023-12-04,9338.9174055063,0,1,False,-0.00041588688476319036
EPSI,2023-12-05,9206.059262715818,0,1,False,-0.014328453272458685
EPSI,2023-12-06,9206.836210919271,0,1,False,8.439174653721613e-05
EPSI,2023-12-07,9230.921605226318,0,1,False,0.0026126178950102
EPSI,2023-12-08,9235.583294447037,0,1,False,0.0005048805223368738
EPSI,2023-12-11,9197.512832477834,0,1,False,-0.00413066972995403
EPSI,2023-12-12,9360.671955202986,0,1,False,0.017583974789004583
EPSI,2023-12-13,9473.329444703686,0,1,False,0.011963345520589983
EPSI,2023-12-14,9444.58236117592,0,1,False,-0.003039141523581098
EPSI,2023-12-15,9470.221651889873,0,1,False,0.0027110306191527865
EPSI,2023-12-18,9630.272981801212,0,1,False,0.016759259813454466
EPSI,2023-12-19,9574.332711152589,0,1,False,-0.005825730531167804
EPSI,2023-12-20,9457.01353243117,0,1,False,-0.012329202921261453
EPSI,2023-12-21,9470.998600093326,0,1,False,0.0014777114584553833
EPSI,2023-12-22,9522.27718152123,0,1,False,0.005399669505055385
EPSI,2023-12-25,9579.77134857676,0,1,False,0.006019704178017482
EPSI,2023-12-26,9673.005132991133,0,1,False,0.009685305734463679
EPSI,2023-12-27,9663.332127858142,2,2,False,-0.0012005003335834234
EPSI,2023-12-28,9518.373534740222,1,1,False,-0.015314542502023298
EPSI,2023-12-29,9461.283626923605,0,1,False,-0.006015923207697464
EPSI,2024-01-01,9538.706926565317,0,1,False,0.008149870176378634
EPSI,2024-01-02,9443.296395693713,0,1,False,-0.010052820322464764
EPSI,2024-01-03,9239.96247744275,0,1,False,-0.02176728889976532
EPSI,2024-01-04,9256.385601609174,0,1,False,0.001775823899092132
EPSI,2024-01-05,9176.616141372258,0,1,False,-0.008655124034295105
EPSI,2024-01-08,8987.359186692518,0,1,False,-0.02083946938662493
EPSI,2024-01-09,9004.564364390675,0,1,False,0.0019125451365746655
EPSI,2024-01-10,8956.077045423139,0,1,False,-0.005399299017749213
EPSI,2024-01-11,9136.7314112538,0,1,False,0.019970406499142654
EPSI,2024-01-12,9142.205785975942,0,1,False,0.0005989817489656911
EPSI,2024-01-15,9221.975246212858,0,1,False,0.00868755996300369
EPSI,2024-01-16,9229.013727998468,0,1,False,0.0007629381966307589
EPSI,2024-01-17,9170.359713118383,0,1,False,-0.006375675101588271
EPSI,2024-01-18,9124.218554746049,0,1,False,-0.005044254700303588
EPSI,2024-01-19,9244.654798633157,0,1,False,0.013113266926520002
EPSI,2024-01-22,9331.462740655683,0,1,False,0.009346255884262085
EPSI,2024-01-23,9156.282749547163,0,1,False,-0.018951497822862515
EPSI,2024-01-24,9001.436150263737,0,1,False,-0.017056146095848292
EPSI,2024-01-25,8876.307585186223,0,1,False,-0.013998478806379454
EPSI,2024-01-26,8993.615614946393,0,1,False,0.013129291441792581
EPSI,2024-01-29,8819.217677369606,0,1,False,-0.019581782119053762
EPSI,2024-01-30,8917.75642236815,0,1,False,0.011111225425070629
EPSI,2024-01-31,8975.6283837165,0,1,False,0.006468554023309747
EPSI,2024-02-01,8985.013026097315,0,1,False,0.0010450231726967085
EPSI,2024-02-02,8932.615439471105,0,1,False,-0.005848735628556632
EPSI,2024-02-05,9066.346593397699,0,1,False,0.014860147445593233
EPSI,2024-02-06,9103.10310938922,0,1,False,0.004045974615027509
EPSI,2024-02-07,8959.98731308181,0,1,False,-0.015846545391803083
EPSI,2024-02-08,8841.897229789905,0,1,False,-0.013267338658389789
EPSI,2024-02-09,8665.93518514965,0,1,False,-0.020101628298910604
EPSI,2024-02-12,8787.153482568494,0,1,False,0.013890979287808913
EPSI,2024-02-13,8947.474456574058,0,1,False,0.01808048547680947
EPSI,2024-02-14,9057.744004548618,0,1,False,0.012248774084791181
EPSI,2024-02-15,9043.6670409774,0,1,False,-0.0015553446494982082
EPSI,2024-02-16,8890.384548757444,0,1,False,-0.017094433359300183
EPSI,2024-02-19,8794.974017885837,0,1,False,-0.010789880924789655
EPSI,2024-02-20,8690.17884463342,0,1,False,-0.011986904417967181
EPSI,2024-02-21,8667.499292213119,0,1,False,-0.0026132026585267767
EPSI,2024-02-22,8818.435623837871,0,1,False,0.017264170458350228
EPSI,2024-02-23,8961.55142014528,0,1,False,0.016098874192445187
EPSI,2024-02-26,8911.499994114274,0,1,False,-0.00560078474666366
EPSI,2024-02-27,8674.537773998729,0,1,False,-0.026950534944116082
EPSI,2024-02-28,8552.537423048152,0,1,False,-0.014164028331883108
EPSI,2024-02-29,8683.14036284781,0,1,False,0.015155242650480242
EPSI,2024-03-01,8697.217326419028,0,1,False,0.001619870764575992
EPSI,2024-03-04,8657.332596300572,0,1,False,-0.0045964661161592224
EPSI,2024-03-05,8621.358133840786,0,1,False,-0.004164032449242836
EPSI,2024-03-06,8540.806620072135,0,1,False,-0.009387173055711484
EPSI,2024-03-07,8406.293412613806,0,1,False,-0.015874814224664892
EPSI,2024-03-08,8622.14018737252,0,1,False,0.02535269434198332
EPSI,2024-03-11,8811.397142052261,0,1,False,0.021712677849118945
EPSI,2024-03-12,8726.153307093204,0,1,False,-0.00972136975869234
EPSI,2024-03-13,8528.293763564383,0,1,False,-0.02293532976974418
EPSI,2024-03-14,8553.319476579887,0,1,False,0.0029301366994964966
EPSI,2024-03-15,8525.94760296918,0,1,False,-0.0032052777109997164
EPSI,2024-03-18,8594.768313761815,0,1,False,0.008039509773441155
EPSI,2024-03-19,8677.665988125667,0,1,False,0.009598914597000343
EPSI,2024-03-20,8547.845101857745,0,1,False,-0.015073380824083285
EPSI,2024-03-21,8677.665988125667,0,1,False,0.015073380824083226
EPSI,2024-03-22,8641.691525665881,0,1,False,-0.004154255048768712
EPSI,2024-03-25,8701.127594077701,0,1,False,0.006854283689339711
EPSI,2024-03-26,8680.794202252606,0,1,False,-0.0023396033348129434
EPSI,2024-03-27,8774.640626060742,0,1,False,0.010752791776261697
EPSI,2024-03-28,8536.114298881728,0,1,False,-0.027559910092643074
EPSI,2024-03-29,8615.883759118644,0,1,False,0.009301544356020527
EPSI,2024-04-01,8525.94760296918,0,1,False,-0.010493275715838768
EPSI,2024-04-02,8528.293763564383,0,1,False,0.00027514101150333443
EPSI,2024-04-03,8644.81973979282,0,1,False,0.013570953757478976
EPSI,2024-04-04,8565.83233308764,0,1,False,-0.009178962069461656
EPSI,2024-04-05,8465.729481025626,0,1,False,-0.01175511745305609
EPSI,2024-04-08,8410.985733804213,0,1,False,-0.006487511168860192
EPSI,2024-04-09,8364.062521900145,0,1,False,-0.0055944201853244365
EPSI,2024-04-10,8253.792973925585,0,1,False,-0.01327140755089276
EPSI,2024-04-11,8278.036633409354,0,1,False,0.002932969603352409
EPSI,2024-04-12,8282.728954599761,0,1,False,0.0005666792747037517
EPSI,2024-04-15,8318.703417059547,0,1,False,0.004333905407995601
EPSI,2024-04-16,8247.536545671708,0,1,False,-0.008591848161250065
EPSI,2024-04-17,8166.98503190306,0,1,False,-0.009814743610866265
EPSI,2024-04-18,8151.343961268371,0,1,False,-0.0019169947402263227
EPSI,2024-04-19,8123.972087657663,0,1,False,-0.0033636089566833785
EPSI,2024-04-22,8108.331017022974,0,1,False,-0.001927154190583054
EPSI,2024-04-23,8023.869235595651,0,1,False,-0.010471299867295478
EPSI,2024-04-24,8042.638520357279,0,1,False,0.002336449661019727
EPSI,2024-04-25,7951.1382571443455,0,1,False,-0.011442108110619175
EPSI,2024-04-26,7953.48441773955,0,1,False,0.00029502876744464437
EPSI,2024-04-29,7922.984330001905,0,1,False,-0.0038421799889283787
EPSI,2024-04-30,7922.202276470171,0,1,False,-9.871181094825393e-05
EPSI,2024-05-01,8044.984680952482,0,1,False,0.015379643888300973
EPSI,2024-05-02,7936.279240041391,0,1,False,-0.013604320411857595
EPSI,2024-05-03,7705.573448179723,0,1,False,-0.02950066439669799
EPSI,2024-05-06,7652.393808021779,0,1,False,-0.006925376492298001
EPSI,2024-05-07,7561.67559834058,0,1,False,-0.011925709346629046
EPSI,2024-05-08,7279.354273384437,0,1,False,-0.03805064606136517
EPSI,2024-05-09,7440.457300921737,0,1,False,0.02189015257004433
EPSI,2024-05-10,7485.034352230602,0,1,False,0.005973295203679641
EPSI,2024-05-13,7547.598634769361,0,1,False,0.008323843711229658
EPSI,2024-05-14,7521.790868222123,0,1,False,-0.003425194069528044
EPSI,2024-05-15,7554.63711655497,0,1,False,0.004357305368955626
EPSI,2024-05-16,7510.84211877784,0,1,False,-0.005813969865419734
EPSI,2024-05-17,7587.4833648878175,0,1,False,0.010152371464017908
EPSI,2024-05-20,7614.07318496679,0,1,False,0.003498305862201426
EPSI,2024-05-21,7611.727024371586,0,1,False,-0.0003081822408696659
EPSI,2024-05-22,7617.201399093728,0,1,False,0.0007189442100871688
EPSI,2024-05-23,7757.188981274197,0,1,False,0.018210992109412988
EPSI,2024-05-24,7767.355677186745,0,1,False,0.00130975788206351
EPSI,2024-05-27,7678.201574569017,0,1,False,-0.011544432010059332
EPSI,2024-05-28,7717.3042511557405,0,1,False,0.005079763031249472
EPSI,2024-05-29,7783.77880135317,0,1,False,0.008576814596816274
EPSI,2024-05-30,7768.919784250214,0,1,False,-0.001910796578767794
EPSI,2024-05-31,7762.663355996339,0,1,False,-0.0008056395199095877
EPSI,2024-06-03,7670.381039251672,0,1,False,-0.011959197971393474
EPSI,2024-06-04,7687.58621694983,0,1,False,0.0022405549652196087
EPSI,2024-06-05,7573.406401316597,0,1,False,-0.01496389508326318
EPSI,2024-06-06,7549.162741832829,0,1,False,-0.003206291209333893
EPSI,2024-06-07,7493.636941079681,0,1,False,-0.007382409405547858
EPSI,2024-06-10,7578.098722507005,0,1,False,0.011208087441744775
EPSI,2024-06-11,7718.086304687474,0,1,False,0.018304105287195154
EPSI,2024-06-12,7614.07318496679,0,1,False,-0.013568175504643976
EPSI,2024-06-13,7622.6757738158685,0,1,False,0.0011291896698468634
EPSI,2024-06-14,7591.393632546489,0,1,False,-0.004112270624983732
EPSI,2024-06-17,7621.893720284133,0,1,False,0.004009669691225115
EPSI,2024-06-18,7618.765506157197,0,1,False,-0.0004105090369633642
EPSI,2024-06-19,7575.752561911801,0,1,False,-0.005661654940103056
EPSI,2024-06-20,7576.534615443535,0,1,False,0.0001032258065430456
EPSI,2024-06-21,7557.765330681908,0,1,False,-0.002480365058331843
EPSI,2024-06-24,7694.62469873544,0,1,False,0.017946438691169214
EPSI,2024-06-25,7617.983452625462,0,1,False,-0.010010298094809795
EPSI,2024-06-26,7637.534790918823,0,1,False,0.0025631838506499117
EPSI,2024-06-27,7682.893895759423,0,1,False,0.00592140576531824
EPSI,2024-06-28,7734.5094288538985,0,1,False,0.006695774229834238
EPSI,2024-07-01,7713.393983497067,0,1,False,-0.002733763662764377
EPSI,2024-07-02,7842.432816233255,0,1,False,0.016590798324190466
EPSI,2024-07-03,7643.791219172699,0,1,False,-0.025655381448083943
EPSI,2024-07-04,7542.124260047219,0,1,False,-0.01338983852903839
EPSI,2024-07-05,7606.252649649446,0,1,False,0.008466751662669423
EPSI,2024-07-08,7531.957564134671,0,1,False,-0.009815649402866871
EPSI,2024-07-09,7442.021407985207,0,1,False,-0.012012470138016016
EPSI,2024-07-10,7402.136677866749,0,1,False,-0.005373807779425056
EPSI,2024-07-11,7320.021057034629,0,1,False,-0.011155494171785622
EPSI,2024-07-12,7378.675071914714,0,1,False,0.007980888331012832
EPSI,2024-07-15,7465.48301393724,0,1,False,0.011696039763191236
EPSI,2024-07-16,7473.303549254585,0,1,False,0.0010470108798584176
EPSI,2024-07-17,7582.791043697411,0,1,False,0.014544199863395463
EPSI,2024-07-18,7452.188103897755,0,1,False,-0.017373648960907373
EPSI,2024-07-19,7461.572746278568,0,1,False,0.001258521403657571
EPSI,2024-07-22,7583.573097229145,0,1,False,0.01621825755270036
EPSI,2024-07-23,7673.50925337861,0,1,False,0.011789567073833796
EPSI,2024-07-24,7807.240407305203,0,1,False,0.017277519958045107
EPSI,2024-07-25,7754.06076714726,0,0,False,-0.006834884382528754
EPSI,2024-07-26,7847.907190955396,0,1,False,0.012030220276542061
EPSI,2024-07-29,7819.753263812954,0,1,False,-0.003593894254589282
EPSI,2024-07-30,7876.843171629571,0,1,False,0.007274208748333882
EPSI,2024-07-31,8009.010218492696,0,1,False,0.0166399743512546
EPSI,2024-08-01,7929.240758255781,0,1,False,-0.010009897122857797
EPSI,2024-08-02,7760.317195401136,0,1,False,-0.0215340790383382
EPSI,2024-08-05,7928.458704724046,0,1,False,0.021435445118053037
EPSI,2024-08-06,7985.548612540662,0,1,False,0.007174830523243451
EPSI,2024-08-07,7977.563063928122,2,2,False,-0.0012005003335835345
EPSI,2024-08-08,7955.553167985826,1,1,False,-0.0029627878466523825
EPSI,2024-08-09,7740.390730517518,0,1,False,-0.02741802821035101
EPSI,2024-08-12,7758.320933639876,0,1,False,0.002313767945366334
EPSI,2024-08-13,7750.562612706236,2,2,False,-0.0012005003335835345
EPSI,2024-08-14,7750.562612706236,0,2,False,0.0
EPSI,2024-08-15,7750.562612706236,0,2,False,0.0
EPSI,2024-08-16,7750.562612706236,0,2,False,0.0
EPSI,2024-08-19,7750.562612706236,0,2,False,0.0
EPSI,2024-08-20,7750.562612706236,0,2,False,0.0
EPSI,2024-08-21,7750.562612706236,0,2,False,0.0
EPSI,2024-08-22,7750.562612706236,0,2,False,0.0
EPSI,2024-08-23,7751.614337459284,1,1,False,-6.43126371164272e-05
EPSI,2024-08-26,7776.4207836718615,0,1,False,0.0031950555394634284
EPSI,2024-08-27,7802.0274378267795,0,2,True,0.0032874490260445593
EPSI,2024-08-28,7843.638250828521,0,1,False,0.005319161477599805
EPSI,2024-08-29,7884.448855887924,0,1,False,0.005189530852981856
EPSI,2024-08-30,7876.564407032036,2,2,False,-0.0012005003335835345
EPSI,2024-09-02,7808.555948631145,1,1,False,-0.008871770830234932
EPSI,2024-09-03,7775.756733725403,0,1,False,-0.004209266587765145
EPSI,2024-09-04,7931.162537683559,0,2,True,0.0197888424364848
EPSI,2024-09-05,7923.231375145876,2,2,False,-0.0012005003335834234
EPSI,2024-09-06,7923.231375145876,0,2,False,0.0
EPSI,2024-09-09,7923.231375145876,0,2,False,0.0
EPSI,2024-09-10,7923.231375145876,0,2,False,0.0
EPSI,2024-09-11,7923.231375145876,0,2,False,0.0
EPSI,2024-09-12,7923.231375145876,0,2,False,0.0
EPSI,2024-09-13,7923.231375145876,0,2,False,0.0
EPSI,2024-09-16,7923.231375145876,0,2,False,0.0
EPSI,2024-09-17,7923.231375145876,0,2,False,0.0
EPSI,2024-09-18,7923.231375145876,0,2,False,0.0
EPSI,2024-09-19,7923.231375145876,0,2,False,0.0
EPSI,2024-09-20,7923.231375145876,0,2,False,0.0
EPSI,2024-09-23,7923.231375145876,0,2,False,0.0
EPSI,2024-09-24,7923.231375145876,0,2,False,0.0
EPSI,2024-09-25,7923.231375145876,0,2,False,0.0
EPSI,2024-09-26,7923.231375145876,0,2,False,0.0
EPSI,2024-09-27,8141.860409306588,1,1,False,0.02701958088385203
EPSI,2024-09-30,8261.409161804337,0,1,False,0.014576468272549133
EPSI,2024-10-01,8292.403282822272,0,2,True,0.0037446548750470947
EPSI,2024-10-02,8401.620661647376,0,1,False,0.013084794589937573
EPSI,2024-10-03,8393.219040985728,2,2,False,-0.0012005003335835345
EPSI,2024-10-04,8393.219040985728,0,2,False,0.0
EPSI,2024-10-07,8393.219040985728,0,2,False,0.0
EPSI,2024-10-08,8393.219040985728,0,2,False,0.0
EPSI,2024-10-09,8393.219040985728,0,2,False,0.0
EPSI,2024-10-10,8393.219040985728,0,2,False,0.0
EPSI,2024-10-11,8393.219040985728,0,2,False,0.0
EPSI,2024-10-14,8440.806458948764,1,1,False,0.005453733234863664
EPSI,2024-10-15,8524.39398543422,0,1,False,0.009854077839002669
EPSI,2024-10-16,8372.556093286328,0,2,True,-0.017972708520691393
EPSI,2024-10-17,8459.211051936389,0,1,False,0.010296687627678738
EPSI,2024-10-18,8436.205310701858,0,1,False,-0.002723313229946152
EPSI,2024-10-21,8476.84878688286,0,1,False,0.004806175653772536
EPSI,2024-10-22,8468.371938095977,2,2,False,-0.0012005003335834234
EPSI,2024-10-23,8468.371938095977,0,2,False,0.0
EPSI,2024-10-24,8468.371938095977,0,2,False,0.0
EPSI,2024-10-25,8468.371938095977,0,2,False,0.0
EPSI,2024-10-28,8468.371938095977,0,2,False,0.0
EPSI,2024-10-29,8468.371938095977,0,2,False,0.0
EPSI,2024-10-30,8468.371938095977,0,2,False,0.0
EPSI,2024-10-31,8468.371938095977,0,2,False,0.0
EPSI,2024-11-01,8468.371938095977,0,2,False,0.0
EPSI,2024-11-04,8468.371938095977,0,2,False,0.0
EPSI,2024-11-05,8468.371938095977,0,2,False,0.0
EPSI,2024-11-06,8468.371938095977,0,2,False,0.0
EPSI,2024-11-07,8468.371938095977,0,2,False,0.0
EPSI,2024-11-08,8578.870960056976,1,1,False,0.012764040016788875
EPSI,2024-11-11,8651.184473995643,0,1,False,0.008393929874932541
EPSI,2024-11-12,8653.517167993665,0,1,False,0.0002696023381865625
EPSI,2024-11-13,8611.528676029278,0,1,False,-0.004863998060088701
EPSI,2024-11-14,8609.195982031257,0,1,False,-0.00027091705588561094
EPSI,2024-11-15,8610.75111136327,0,1,False,0.00018061952546159622
EPSI,2024-11-18,8856.461545821532,0,1,False,0.028135759058315342
EPSI,2024-11-19,8707.169129948159,0,1,False,-0.017000586532389086
EPSI,2024-11-20,8630.190228013449,0,1,False,-0.00888017675685921
EPSI,2024-11-21,8525.99656276849,0,1,False,-0.01214663229999088
EPSI,2024-11-22,8566.429925400862,0,1,False,0.00473115248807619
EPSI,2024-11-25,8593.644688711112,0,1,False,0.0031718727032421365
EPSI,2024-11-26,8535.327338760575,0,1,False,-0.006809232355990768
EPSI,2024-11-27,8631.745357345464,0,1,False,0.011233019645330732
EPSI,2024-11-28,8664.403073317764,0,1,False,0.003776303714406672
EPSI,2024-11-29,8756.155703906608,0,1,False,0.010533930649971466
EPSI,2024-12-02,8894.562214455884,0,1,False,0.015683140828647923
EPSI,2024-12-03,8680.731931303915,0,1,False,-0.02433425386946061
EPSI,2024-12-04,8746.047363248515,0,1,False,0.007496019394233214
EPSI,2024-12-05,8620.081887355356,0,1,False,-0.014507284070696059
EPSI,2024-12-06,8647.296650665607,0,1,False,0.0031521618390920013
EPSI,2024-12-09,8644.186392001578,0,1,False,-0.00035974458522691224
EPSI,2024-12-10,8647.296650665607,0,1,False,0.00035974458522692075
EPSI,2024-12-11,8532.217080096549,0,1,False,-0.013397502828042659
EPSI,2024-12-12,8640.298568671542,0,1,False,0.01258789544338041
EPSI,2024-12-13,8520.55361010644,0,0,False,-0.013955822335818525
EPSI,2024-12-16,8601.420335371186,0,1,False,0.009446028456262363
EPSI,2024-12-17,8460.681130823888,0,1,False,-0.01649766260361143
EPSI,2024-12-18,8453.683048829824,0,1,False,-0.0008274721200324241
EPSI,2024-12-19,8656.627426657693,0,1,False,0.023722993897727845
EPSI,2024-12-20,8907.780813778005,0,1,False,0.028599939471719592
EPSI,2024-12-23,8742.937104584487,0,1,False,-0.018678957174004297
EPSI,2024-12-24,8657.4049913237,0,1,False,-0.0098311632829695
EPSI,2024-12-25,8598.310076707156,0,1,False,-0.006849341845574783
EPSI,2024-12-26,8842.465381833403,0,1,False,0.028000045873012087
EPSI,2024-12-27,8840.132687835381,0,1,False,-0.0002638406417838762
EPSI,2024-12-30,8939.660965084298,0,1,False,0.0111957786246338
EPSI,2024-12-31,8982.427021714691,0,1,False,0.004772450378867116
GAMM,2023-10-20,10000.0,0,0,False,0.0
GAMM,2023-10-23,10000.0,0,0,False,0.0
GAMM,2023-10-24,10000.0,0,0,False,0.0
GAMM,2023-10-25,10000.0,0,2,False,0.0
GAMM,2023-10-26,10000.0,0,0,False,0.0
GAMM,2023-10-27,10000.0,0,0,False,0.0
GAMM,2023-10-30,10000.0,0,0,False,0.0
GAMM,2023-10-31,10000.0,0,0,False,0.0
GAMM,2023-11-01,10000.0,0,2,False,0.0
GAMM,2023-11-02,10000.0,0,0,False,0.0
GAMM,2023-11-03,10000.0,0,0,False,0.0
GAMM,2023-11-06,10000.0,0,0,False,0.0
GAMM,2023-11-07,10060.756972111554,1,1,False,0.005857314583464137
GAMM,2023-11-08,10088.027888446215,0,0,False,0.0027069555981604257
GAMM,2023-11-09,9824.163346613546,0,0,False,-0.026504364607248126
GAMM,2023-11-10,9788.04780876494,0,1,False,-0.0036829685735933057
GAMM,2023-11-13,9692.231075697211,0,0,False,-0.009837385424514246
GAMM,2023-11-14,9682.538844621515,2,2,False,-0.0012005003335834234
GAMM,2023-11-15,9682.538844621515,0,2,False,0.0
GAMM,2023-11-16,9682.538844621515,0,2,False,0.0
GAMM,2023-11-17,9682.538844621515,0,2,False,0.0
GAMM,2023-11-20,9682.538844621515,0,0,False,0.0
GAMM,2023-11-21,9682.538844621515,0,2,False,0.0
GAMM,2023-11-22,9682.538844621515,0,2,False,0.0
GAMM,2023-11-23,9682.538844621515,0,2,False,0.0
GAMM,2023-11-24,9682.538844621515,0,2,False,0.0
GAMM,2023-11-27,9682.538844621515,0,2,False,0.0
GAMM,2023-11-28,9682.538844621515,0,2,False,0.0
GAMM,2023-11-29,9682.538844621515,0,2,False,0.0
GAMM,2023-11-30,9682.538844621515,0,2,False,0.0
GAMM,2023-12-01,9682.538844621515,0,2,False,0.0
GAMM,2023-12-04,9682.538844621515,0,2,False,0.0
GAMM,2023-12-05,9682.538844621515,0,2,False,0.0
GAMM,2023-12-06,9682.538844621515,0,2,False,0.0
GAMM,2023-12-07,9682.538844621515,0,2,False,0.0
GAMM,2023-12-08,9682.538844621515,0,2,False,0.0
GAMM,2023-12-11,9682.538844621515,0,2,False,0.0
GAMM,2023-12-12,9682.538844621515,0,0,False,0.0
GAMM,2023-12-13,9682.538844621515,0,2,False,0.0
GAMM,2023-12-14,9682.538844621515,0,0,False,0.0
GAMM,2023-12-15,9682.538844621515,0,2,False,0.0
GAMM,2023-12-18,9682.538844621515,0,2,False,0.0
GAMM,2023-12-19,9682.538844621515,0,2,False,0.0
GAMM,2023-12-20,9682.538844621515,0,2,False,0.0
GAMM,2023-12-21,9682.538844621515,0,2,False,0.0
GAMM,2023-12-22,9682.538844621515,0,2,False,0.0
GAMM,2023-12-25,9682.538844621515,0,0,False,0.0
GAMM,2023-12-26,9682.538844621515,0,2,False,0.0
GAMM,2023-12-27,9682.538844621515,0,2,False,0.0
GAMM,2023-12-28,9682.538844621515,0,2,False,0.0
GAMM,2023-12-29,9682.538844621515,0,2,False,0.0
GAMM,2024-01-01,9682.538844621515,0,2,False,0.0
GAMM,2024-01-02,9682.538844621515,0,2,False,0.0
GAMM,2024-01-03,9682.538844621515,0,2,False,0.0
GAMM,2024-01-04,9682.538844621515,0,2,False,0.0
GAMM,2024-01-05,9682.538844621515,0,2,False,0.0
GAMM,2024-01-08,9682.538844621515,0,2,False,0.0
GAMM,2024-01-09,9682.538844621515,0,2,False,0.0
GAMM,2024-01-10,9682.538844621515,0,2,False,0.0
GAMM,2024-01-11,9682.538844621515,0,2,False,0.0
GAMM,2024-01-12,9682.538844621515,0,2,False,0.0
GAMM,2024-01-15,9682.538844621515,0,2,False,0.0
GAMM,2024-01-16,9682.538844621515,0,0,False,0.0
GAMM,2024-01-17,9682.538844621515,0,2,False,0.0
GAMM,2024-01-18,9682.538844621515,0,2,False,0.0
GAMM,2024-01-19,9682.538844621515,0,2,False,0.0
GAMM,2024-01-22,9682.538844621515,0,0,False,0.0
GAMM,2024-01-23,9682.538844621515,0,2,False,0.0
GAMM,2024-01-24,9682.538844621515,0,2,False,0.0
GAMM,2024-01-25,9682.538844621515,0,2,False,0.0
GAMM,2024-01-26,9682.538844621515,0,2,False,0.0
GAMM,2024-01-29,9682.538844621515,0,2,False,0.0
GAMM,2024-01-30,9682.538844621515,0,2,False,0.0
GAMM,2024-01-31,9509.476925148709,1,1,False,-0.018235271805305958
GAMM,2024-02-01,9371.600667350292,0,1,False,-0.0146049618112231
GAMM,2024-02-02,9399.494707945347,0,1,False,0.002972022737033559
GAMM,2024-02-05,9465.643432785051,0,1,False,0.00701282921379089
GAMM,2024-02-06,9456.177789352267,2,2,False,-0.0012005003335834234
GAMM,2024-02-07,9456.177789352267,0,2,False,0.0
GAMM,2024-02-08,9456.177789352267,0,2,False,0.0
GAMM,2024-02-09,9456.177789352267,0,2,False,0.0
GAMM,2024-02-12,9456.177789352267,0,2,False,0.0
GAMM,2024-02-13,9409.69458411473,1,1,False,-0.005127765690287084
GAMM,2024-02-14,9382.326781218246,0,1,False,-0.002912706591073317
GAMM,2024-02-15,9288.149341839167,0,2,True,-0.010088466680373035
GAMM,2024-02-16,9359.78859059761,0,1,False,0.007683380484098788
GAMM,2024-02-19,9547.338533976459,0,1,False,0.019839724350509264
GAMM,2024-02-20,9690.617031493348,0,1,False,0.014895672905750775
GAMM,2024-02-21,9680.926414461854,2,2,False,-0.0012005003335836457
GAMM,2024-02-22,9680.926414461854,0,2,False,0.0
GAMM,2024-02-23,9680.926414461854,0,2,False,0.0
GAMM,2024-02-26,9680.926414461854,0,2,False,0.0
GAMM,2024-02-27,9625.652816405784,1,1,False,-0.0059258977275331234
GAMM,2024-02-28,9415.286629708531,0,1,False,-0.022097097367816534
GAMM,2024-02-29,9383.291772416174,0,2,True,-0.0034039689067601837
GAMM,2024-03-01,9340.098715071492,0,1,False,-0.004613815430005366
GAMM,2024-03-04,9132.932014103477,0,1,False,-0.0224300375515104
GAMM,2024-03-05,9165.726742828143,0,1,False,0.0035843899022435983
GAMM,2024-03-06,9217.718385928223,0,1,False,0.005656369777970883
GAMM,2024-03-07,9410.487401114679,0,1,False,0.020697204957043913
GAMM,2024-03-08,9401.076913713563,2,2,False,-0.0012005003335836457
GAMM,2024-03-11,9401.076913713563,0,2,False,0.0
GAMM,2024-03-12,9401.076913713563,0,2,False,0.0
GAMM,2024-03-13,9401.076913713563,0,2,False,0.0
GAMM,2024-03-14,9401.076913713563,0,2,False,0.0
GAMM,2024-03-15,9401.076913713563,0,2,False,0.0
GAMM,2024-03-18,9407.06804251875,1,1,False,0.000437078140535619
GAMM,2024-03-19,9410.308506880621,0,1,False,0.00034441192005667617
GAMM,2024-03-20,9338.208174828937,0,2,True,-0.00769134846356469
GAMM,2024-03-21,9480.78860675137,0,1,False,0.015153109573753532
GAMM,2024-03-22,9435.42210568514,0,0,False,-0.004796583072114466
GAMM,2024-03-25,9216.69076125868,0,1,False,-0.023454862562935316
GAMM,2024-03-26,9198.868207268377,0,1,False,-0.0019355980000575496
GAMM,2024-03-27,9249.095404877415,0,1,False,0.00544529713666814
GAMM,2024-03-28,9297.702370305518,0,1,False,0.005241560004341237
GAMM,2024-03-29,9339.018290919405,0,1,False,0.004433825998689621
GAMM,2024-04-01,9329.679272628486,2,2,False,-0.0012005003335834234
GAMM,2024-04-02,9329.679272628486,0,2,False,0.0
GAMM,2024-04-03,9259.901113634161,1,1,False,-0.0077072686164554195
GAMM,2024-04-04,9435.604694691889,0,2,True,0.018796897626307357
GAMM,2024-04-05,9211.542329856806,0,0,False,-0.024032968582074238
GAMM,2024-04-08,9185.75097850888,0,1,False,-0.0028038220418628358
GAMM,2024-04-09,9318.737633896611,0,1,False,0.014373695786686194
GAMM,2024-04-10,9447.694390636228,0,1,False,0.013743559393953155
GAMM,2024-04-11,9538.770100083584,0,1,False,0.009593824911709934
GAMM,2024-04-12,9603.248478453394,0,1,False,0.006736867584758369
GAMM,2024-04-15,9593.64522997494,2,2,False,-0.0012005003335835345
GAMM,2024-04-16,9593.64522997494,0,2,False,0.0
GAMM,2024-04-17,9593.64522997494,0,2,False,0.0
GAMM,2024-04-18,9593.64522997494,0,2,False,0.0
GAMM,2024-04-19,9593.64522997494,0,2,False,0.0
GAMM,2024-04-22,9593.64522997494,0,2,False,0.0
GAMM,2024-04-23,9593.64522997494,0,2,False,0.0
GAMM,2024-04-24,9593.64522997494,0,2,False,0.0
GAMM,2024-04-25,9593.64522997494,0,2,False,0.0
GAMM,2024-04-26,9593.64522997494,0,0,False,0.0
GAMM,2024-04-29,9593.64522997494,0,0,False,0.0
GAMM,2024-04-30,9593.64522997494,0,0,False,0.0
GAMM,2024-05-01,9593.64522997494,0,0,False,0.0
GAMM,2024-05-02,9593.64522997494,0,0,False,0.0
GAMM,2024-05-03,9593.64522997494,0,0,False,0.0
GAMM,2024-05-06,9593.64522997494,0,0,False,0.0
GAMM,2024-05-07,9593.64522997494,0,0,False,0.0
GAMM,2024-05-08,9593.64522997494,0,0,False,0.0
GAMM,2024-05-09,9593.64522997494,0,0,False,0.0
GAMM,2024-05-10,9593.64522997494,0,2,False,0.0
GAMM,2024-05-13,9593.64522997494,0,0,False,0.0
GAMM,2024-05-14,9593.64522997494,0,0,False,0.0
GAMM,2024-05-15,9593.64522997494,0,0,False,0.0
GAMM,2024-05-16,9593.64522997494,0,0,False,0.0
GAMM,2024-05-17,9593.64522997494,0,0,False,0.0
GAMM,2024-05-20,9593.64522997494,0,0,False,0.0
GAMM,2024-05-21,9593.64522997494,0,0,False,0.0
GAMM,2024-05-22,9593.64522997494,0,0,False,0.0
GAMM,2024-05-23,9593.64522997494,0,0,False,0.0
GAMM,2024-05-24,9593.64522997494,0,0,False,0.0
GAMM,2024-05-27,9593.64522997494,0,0,False,0.0
GAMM,2024-05-28,9593.64522997494,0,0,False,0.0
GAMM,2024-05-29,9593.64522997494,0,0,False,0.0
GAMM,2024-05-30,9593.64522997494,0,0,False,0.0
GAMM,2024-05-31,9593.64522997494,0,0,False,0.0
GAMM,2024-06-03,9593.64522997494,0,0,False,0.0
GAMM,2024-06-04,9500.822288872147,1,1,False,-0.009922572489699953
GAMM,2024-06-05,9393.020534217832,0,1,False,-0.011411434454853332
GAMM,2024-06-06,9431.860872291814,0,1,False,0.004126495391876359
GAMM,2024-06-07,9412.83703323517,0,1,False,-0.0020190130523116104
GAMM,2024-06-10,9455.640671112618,0,1,False,0.004537060379103866
GAMM,2024-06-11,9508.748888479082,0,1,False,0.005600850586953949
GAMM,2024-06-12,9390.642554335753,0,1,False,-0.012498589914140563
GAMM,2024-06-13,9278.084839917277,0,0,False,-0.012058570029747931
GAMM,2024-06-14,9248.75642137162,0,1,False,-0.003166048937398946
GAMM,2024-06-17,9148.088606363544,0,1,False,-0.010944139567207483
GAMM,2024-06-18,9036.323551905763,0,0,False,-0.012292557037817904
GAMM,2024-06-19,9210.70874325833,0,0,False,0.019114396023315234
GAMM,2024-06-20,9031.567592141602,0,0,False,-0.019640850365561326
GAMM,2024-06-21,9251.134401253697,0,0,False,0.02402023137201278
GAMM,2024-06-24,9274.12154011381,0,0,False,0.0024817093734940832
GAMM,2024-06-25,9378.752654925349,0,0,False,0.011218883604788024
GAMM,2024-06-26,9471.493870326487,0,0,False,0.00983986745911814
GAMM,2024-06-27,9538.869966985436,0,1,False,0.007088383930543453
GAMM,2024-06-28,9743.376236844355,0,0,False,0.021212667470078165
GAMM,2024-07-01,9624.477242740331,0,0,False,-0.012278127559995945
GAMM,2024-07-02,9607.831383565768,0,1,False,-0.0017310312198673275
GAMM,2024-07-03,9507.163568557695,0,0,False,-0.01053296074205703
GAMM,2024-07-04,9311.376558266404,0,0,False,-0.02080863590456909
GAMM,2024-07-05,9241.622481725377,0,1,False,-0.007519474890594608
GAMM,2024-07-08,9456.433331073311,0,0,False,0.0229778221586702
GAMM,2024-07-09,9430.275552370427,0,0,False,-0.0027699686154356693
GAMM,2024-07-10,9656.18364116807,0,0,False,0.023673184919903847
GAMM,2024-07-11,9881.299070005021,0,0,False,0.023045485972365956
GAMM,2024-07-12,10239.58137223848,0,0,False,0.035616749223622346
GAMM,2024-07-15,10482.927980171378,0,0,False,0.023487290134081972
GAMM,2024-07-16,10778.590145510048,0,0,False,0.027813745359904708
GAMM,2024-07-17,10842.002942365529,0,0,False,0.005865979571636493
GAMM,2024-07-18,10864.197421264947,0,0,False,0.0020449904877276478
GAMM,2024-07-19,10908.586379063783,0,0,False,0.0040774776166563
GAMM,2024-07-22,10911.757018906555,0,1,False,0.0002906131958842243
GAMM,2024-07-23,10900.845261887649,2,2,False,-0.0012005003335835345
GAMM,2024-07-24,10900.845261887649,0,2,False,0.0
GAMM,2024-07-25,10900.845261887649,0,2,False,0.0
GAMM,2024-07-26,10900.845261887649,0,2,False,0.0
GAMM,2024-07-29,10900.845261887649,0,2,False,0.0
GAMM,2024-07-30,10900.845261887649,0,2,False,0.0
GAMM,2024-07-31,10900.845261887649,0,2,False,0.0
GAMM,2024-08-01,10900.845261887649,0,2,False,0.0
GAMM,2024-08-02,10900.845261887649,0,2,False,0.0
GAMM,2024-08-05,10900.845261887649,0,2,False,0.0
GAMM,2024-08-06,10900.845261887649,0,2,False,0.0
GAMM,2024-08-07,10900.845261887649,0,2,False,0.0
GAMM,2024-08-08,10900.845261887649,0,0,False,0.0
GAMM,2024-08-09,10900.845261887649,0,2,False,0.0
GAMM,2024-08-12,10900.845261887649,0,2,False,0.0
GAMM,2024-08-13,10900.845261887649,0,2,False,0.0
GAMM,2024-08-14,10900.845261887649,0,2,False,0.0
GAMM,2024-08-15,10900.845261887649,0,2,False,0.0
GAMM,2024-08-16,10900.845261887649,0,2,False,0.0
GAMM,2024-08-19,10900.845261887649,0,2,False,0.0
GAMM,2024-08-20,10900.845261887649,0,2,False,0.0
GAMM,2024-08-21,10900.845261887649,0,2,False,0.0
GAMM,2024-08-22,10900.845261887649,0,2,False,0.0
GAMM,2024-08-23,10900.845261887649,0,2,False,0.0
GAMM,2024-08-26,10900.845261887649,0,2,False,0.0
GAMM,2024-08-27,10900.845261887649,0,2,False,0.0
GAMM,2024-08-28,10900.845261887649,0,2,False,0.0
GAMM,2024-08-29,10900.845261887649,0,2,False,0.0
GAMM,2024-08-30,10900.845261887649,0,2,False,0.0
GAMM,2024-09-02,10900.845261887649,0,0,False,0.0
GAMM,2024-09-03,10900.845261887649,0,2,False,0.0
GAMM,2024-09-04,10900.845261887649,0,2,False,0.0
GAMM,2024-09-05,10900.845261887649,0,2,False,0.0
GAMM,2024-09-06,10900.845261887649,0,2,False,0.0
GAMM,2024-09-09,10900.845261887649,0,2,False,0.0
GAMM,2024-09-10,10900.845261887649,0,2,False,0.0
GAMM,2024-09-11,10900.845261887649,0,2,False,0.0
GAMM,2024-09-12,10900.845261887649,0,2,False,0.0
GAMM,2024-09-13,10900.845261887649,0,2,False,0.0
GAMM,2024-09-16,10900.845261887649,0,2,False,0.0
GAMM,2024-09-17,10900.845261887649,0,2,False,0.0
GAMM,2024-09-18,10900.845261887649,0,2,False,0.0
GAMM,2024-09-19,10900.845261887649,0,2,False,0.0
GAMM,2024-09-20,10900.845261887649,0,2,False,0.0
GAMM,2024-09-23,10900.845261887649,0,2,False,0.0
GAMM,2024-09-24,10900.845261887649,0,2,False,0.0
GAMM,2024-09-25,10900.845261887649,0,2,False,0.0
GAMM,2024-09-26,10900.845261887649,0,2,False,0.0
GAMM,2024-09-27,10900.845261887649,0,2,False,0.0
GAMM,2024-09-30,10900.845261887649,0,0,False,0.0
GAMM,2024-10-01,10900.845261887649,0,2,False,0.0
GAMM,2024-10-02,10900.845261887649,0,2,False,0.0
GAMM,2024-10-03,10900.845261887649,0,0,False,0.0
GAMM,2024-10-04,10900.845261887649,0,2,False,0.0
GAMM,2024-10-07,10900.845261887649,0,2,False,0.0
GAMM,2024-10-08,10900.845261887649,0,2,False,0.0
GAMM,2024-10-09,10900.845261887649,0,2,False,0.0
GAMM,2024-10-10,10900.845261887649,0,2,False,0.0
GAMM,2024-10-11,10900.845261887649,0,2,False,0.0
GAMM,2024-10-14,10900.845261887649,0,2,False,0.0
GAMM,2024-10-15,10900.845261887649,0,0,False,0.0
GAMM,2024-10-16,10900.845261887649,0,2,False,0.0
GAMM,2024-10-17,10900.845261887649,0,2,False,0.0
GAMM,2024-10-18,10900.845261887649,0,2,False,0.0
GAMM,2024-10-21,10900.845261887649,0,2,False,0.0
GAMM,2024-10-22,10900.845261887649,0,2,False,0.0
GAMM,2024-10-23,10900.845261887649,0,2,False,0.0
GAMM,2024-10-24,10900.845261887649,0,2,False,0.0
GAMM,2024-10-25,10900.845261887649,0,0,False,0.0
GAMM,2024-10-28,10900.845261887649,0,2,False,0.0
GAMM,2024-10-29,10900.845261887649,0,2,False,0.0
GAMM,2024-10-30,10900.845261887649,0,2,False,0.0
GAMM,2024-10-31,10900.845261887649,0,2,False,0.0
GAMM,2024-11-01,10900.845261887649,0,2,False,0.0
GAMM,2024-11-04,10900.845261887649,0,2,False,0.0
GAMM,2024-11-05,10900.845261887649,0,0,False,0.0
GAMM,2024-11-06,10900.845261887649,0,2,False,0.0
GAMM,2024-11-07,10900.845261887649,0,2,False,0.0
GAMM,2024-11-08,10900.845261887649,0,2,False,0.0
GAMM,2024-11-11,10900.845261887649,0,2,False,0.0
GAMM,2024-11-12,10900.845261887649,0,2,False,0.0
GAMM,2024-11-13,10900.845261887649,0,0,False,0.0
GAMM,2024-11-14,10841.196591762315,1,1,False,-0.005686956577379561
GAMM,2024-11-15,10778.064162840803,0,0,False,-0.0058404039891672655
GAMM,2024-11-18,10949.880266867702,0,1,False,0.015815549045986917
GAMM,2024-11-19,11045.777627254807,0,0,False,0.008719718088495197
GAMM,2024-11-20,10819.619685675214,0,0,False,-0.020687116156228893
GAMM,2024-11-21,10575.081416688097,0,0,False,-0.02286069972206118
GAMM,2024-11-22,10564.50633527141,2,2,False,-0.0012005003335835345
GAMM,2024-11-25,10564.50633527141,0,0,False,0.0
GAMM,2024-11-26,10564.50633527141,0,0,False,0.0
GAMM,2024-11-27,10564.50633527141,0,0,False,0.0
GAMM,2024-11-28,10564.50633527141,0,0,False,0.0
GAMM,2024-11-29,10564.50633527141,0,0,False,0.0
GAMM,2024-12-02,10564.50633527141,0,0,False,0.0
GAMM,2024-12-03,10564.50633527141,0,0,False,0.0
GAMM,2024-12-04,10564.50633527141,0,0,False,0.0
GAMM,2024-12-05,10564.50633527141,0,0,False,0.0
GAMM,2024-12-06,10564.50633527141,0,0,False,0.0
GAMM,2024-12-09,10564.50633527141,0,0,False,0.0
GAMM,2024-12-10,10564.50633527141,0,0,False,0.0
GAMM,2024-12-11,10564.50633527141,0,0,False,0.0
GAMM,2024-12-12,10564.50633527141,0,0,False,0.0
GAMM,2024-12-13,10564.50633527141,0,0,False,0.0
GAMM,2024-12-16,10564.50633527141,0,0,False,0.0
GAMM,2024-12-17,10564.50633527141,0,0,False,0.0
GAMM,2024-12-18,10564.50633527141,0,0,False,0.0
GAMM,2024-12-19,10564.50633527141,0,0,False,0.0
GAMM,2024-12-20,10564.50633527141,0,0,False,0.0
GAMM,2024-12-23,10564.50633527141,0,0,False,0.0
GAMM,2024-12-24,10564.50633527141,0,0,False,0.0
GAMM,2024-12-25,10564.50633527141,0,0,False,0.0
GAMM,2024-12-26,10564.50633527141,0,0,False,0.0
GAMM,2024-12-27,10564.50633527141,0,0,False,0.0
GAMM,2024-12-30,10564.50633527141,0,0,False,0.0
GAMM,2024-12-31,10564.50633527141,0,0,False,0.0
